event,ParticleID,kaon_category,particle_parent_track_id,particle_process_key,particle_final_kinetic_energy,particle_decay_flag,track_length_cm
0,2,primary kaon,0,20,0.0,1,12.749734384675097
1,2,primary kaon,0,20,0.0,1,2.3702470048742983
2,2,primary kaon,0,20,0.0,1,4.636066050660441
3,2,primary kaon,0,20,0.0,1,11.80276549493901
4,2,primary kaon,0,20,0.0,1,25.119748791859717
5,2,primary kaon,0,20,0.0,1,5.889868141020253
6,2,primary kaon,0,20,0.0,1,20.86600800988412
7,2,primary kaon,0,20,0.0,1,2.7009911651677534
8,2,primary kaon,0,20,0.0,1,3.853842288285767
9,2,primary kaon,0,20,0.0,1,14.948359173904949
10,2,primary kaon,0,20,0.0,1,2.3001359420174277
11,2,primary kaon,0,20,0.0,1,9.653263616024372
12,2,primary kaon,0,20,0.0,1,7.219806318355532
13,2,primary kaon,0,20,0.0,1,1.4858051374229397
14,2,primary kaon,0,20,0.0,1,19.542537259340488
15,2,primary kaon,0,20,0.0,1,19.555528406514657
16,2,primary kaon,0,20,76.06264787218183,1,22.842618050147944
17,2,primary kaon,0,20,0.0,1,8.816331879928626
18,2,primary kaon,0,20,0.0,1,34.25742931332797
19,2,primary kaon,0,20,0.0,1,8.900896302382858
20,2,primary kaon,0,20,0.0,1,5.142922859639283
21,2,primary kaon,0,20,0.0,1,30.78805440494704
22,2,primary kaon,0,20,0.0,1,16.242389944189792
23,2,primary kaon,0,20,0.0,1,24.44683470194208
24,2,primary kaon,0,20,0.0,1,5.26060759135633
25,2,primary kaon,0,20,81.50745603618539,1,1.4672107335489653
26,2,primary kaon,0,20,0.0,1,1.8651839867763342
27,2,primary kaon,0,20,0.0,1,5.216104422736312
28,2,primary kaon,0,20,0.0,1,3.771953543447237
29,2,primary kaon,0,20,0.0,1,11.030551487407898
30,2,primary kaon,0,20,0.0,1,7.912307508051924
31,2,primary kaon,0,20,0.0,1,0.12079179275634155
32,2,primary kaon,0,20,0.0,1,22.99678043422788
33,2,primary kaon,0,20,0.0,1,0.11493540634655545
34,2,primary kaon,0,20,0.0,1,2.4631766317842363
35,2,primary kaon,0,20,0.0,1,1.4148844987223737
36,2,primary kaon,0,20,0.0,1,11.482744539490552
37,2,primary kaon,0,20,0.0,1,13.8209657922357
38,2,primary kaon,0,20,0.0,1,39.10464211991363
39,2,primary kaon,0,20,0.0,1,9.888554595357233
40,3,daughter kaon,2,20,0.0,1,0.39409396323310625
40,2,primary kaon,0,-2,0.0,0,2.050279485721431
41,2,primary kaon,0,20,0.0,1,20.051200244540865
42,2,primary kaon,0,20,0.0,1,1.9854959944854222
43,2,primary kaon,0,20,0.0,1,15.702628673587409
44,2,primary kaon,0,20,0.0,1,0.30956321543186505
45,2,primary kaon,0,20,23.6764711590698,1,9.634898106549043
46,2,primary kaon,0,20,0.0,1,1.6660090888610442
47,2,primary kaon,0,20,0.0,1,38.75249961242067
48,2,primary kaon,0,20,0.0,1,14.134856271281732
49,2,primary kaon,0,20,0.0,1,23.895575581261184
50,2,primary kaon,0,20,0.0,1,5.622600588344076
51,8,daughter kaon,2,20,0.0,1,1.4766374938902318
51,2,primary kaon,0,-2,0.0,0,22.859784156916483
52,2,primary kaon,0,20,0.0,1,6.60513307632909
53,2,primary kaon,0,20,0.0,1,7.217671832616094
54,2,primary kaon,0,20,0.0,1,8.342394625292377
55,2,primary kaon,0,20,0.0,1,11.21559010539659
56,2,primary kaon,0,20,0.0,1,0.0006627420265205235
57,7,daughter kaon,2,20,0.0,1,8.855592375772465
57,2,primary kaon,0,-2,0.0,0,9.92286463321265
58,2,primary kaon,0,20,14.32179100178636,1,13.941528730796588
59,2,primary kaon,0,20,0.0,1,22.259754729457747
60,2,primary kaon,0,20,0.0,1,12.451180154509846
61,2,primary kaon,0,20,0.0,1,14.435754912843938
62,2,primary kaon,0,20,0.0,1,0.4829920591170378
63,2,primary kaon,0,20,0.0,1,1.7732449072930898
64,2,primary kaon,0,20,0.0,1,9.538143447819834
65,2,primary kaon,0,20,0.0,1,20.219886622813103
66,2,primary kaon,0,20,0.0,1,4.799408944391342
67,2,primary kaon,0,20,0.0,1,6.5661739773923555
68,2,primary kaon,0,20,0.0,1,14.464675581099169
69,2,primary kaon,0,20,0.0,1,2.9047680047344158
70,2,primary kaon,0,20,116.49549204630472,1,5.456168342324467
71,2,primary kaon,0,20,0.0,1,18.556335313570838
72,2,primary kaon,0,20,0.0,1,0.07762226891693218
73,2,primary kaon,0,20,0.0,1,6.32675100846954
74,2,primary kaon,0,20,0.0,1,9.94392619774979
75,2,primary kaon,0,20,0.0,1,20.008195512829275
76,2,primary kaon,0,20,0.0,1,0.2789882359891403
77,2,primary kaon,0,20,0.0,1,21.822109342531164
78,2,primary kaon,0,20,40.640905403218355,1,6.2206760541218244
79,2,primary kaon,0,20,0.0,1,9.765225245390123
80,6,daughter kaon,2,20,0.0,1,2.652582652726978
80,2,primary kaon,0,-2,0.0,0,13.464908537673974
81,2,primary kaon,0,20,0.0,1,15.488893079506228
82,2,primary kaon,0,20,0.0,1,8.78775048157119
83,2,primary kaon,0,20,0.0,1,12.140398643478154
84,2,primary kaon,0,20,0.0,1,0.06698434587831399
85,2,primary kaon,0,20,0.0,1,0.788325332238382
86,2,primary kaon,0,20,0.0,1,6.559231095663836
87,2,primary kaon,0,20,0.0,1,5.579066014983582
88,2,primary kaon,0,20,0.0,1,3.2425549735823496
89,2,primary kaon,0,20,0.0,1,29.987980993328506
90,2,primary kaon,0,20,0.0,1,14.913211060530488
91,2,primary kaon,0,20,0.0,1,3.2741163611684203
92,2,primary kaon,0,20,0.0,1,5.383486144463716
93,2,primary kaon,0,20,0.0,1,12.2176779664316
94,2,primary kaon,0,20,0.0,1,8.750642602789904
95,2,primary kaon,0,20,122.01433740185637,1,6.147834428806562
96,2,primary kaon,0,20,0.0,1,10.667876896971066
97,2,primary kaon,0,20,0.0,1,19.084058892379034
98,2,primary kaon,0,20,0.0,1,22.16224074730273
99,2,primary kaon,0,-2,0.0,0,6.16039522754438
100,2,primary kaon,0,20,0.0,1,0.38191963450321076
101,2,primary kaon,0,20,0.0,1,19.816419410976767
102,2,primary kaon,0,20,0.0,1,26.979474923088222
103,2,primary kaon,0,20,0.0,1,0.48436400614929903
104,2,primary kaon,0,20,0.0,1,5.803810240866279
105,7,daughter kaon,2,20,0.0,1,2.9324174188740546
105,2,primary kaon,0,-2,0.0,0,7.823858111860549
106,2,primary kaon,0,20,0.0,1,9.174956593425383
107,2,primary kaon,0,20,0.0,1,23.994233365050103
108,2,primary kaon,0,20,0.0,1,1.251766176843962
109,2,primary kaon,0,20,0.0,1,1.8917274296515458
110,2,primary kaon,0,20,0.0,1,17.245760190616565
111,2,primary kaon,0,20,0.0,1,12.972202341778157
112,2,primary kaon,0,20,0.0,1,13.337390542912242
113,2,primary kaon,0,20,0.0,1,10.544911465672092
114,2,primary kaon,0,20,0.0,1,2.532804848864776
115,6,daughter kaon,2,20,0.0,1,5.157202024935776
115,2,primary kaon,0,-2,0.0,0,16.790269653592752
116,2,primary kaon,0,20,0.0,1,0.004555304052796426
117,2,primary kaon,0,20,0.0,1,3.589042398571309
118,2,primary kaon,0,20,0.0,1,1.6300012993207464
119,2,primary kaon,0,20,0.0,1,7.2928222901221655
120,2,primary kaon,0,20,0.0,1,14.454953113805388
121,2,primary kaon,0,20,0.0,1,30.366087112719885
122,2,primary kaon,0,20,0.0,1,3.4134257178873355
123,2,primary kaon,0,20,0.0,1,29.677803401364088
124,2,primary kaon,0,20,0.0,1,4.624111937699667
125,2,primary kaon,0,20,0.0,1,3.7093811080103842
126,2,primary kaon,0,20,0.0,1,10.341893962727628
127,2,primary kaon,0,20,0.0,1,11.137921730031724
128,2,primary kaon,0,20,0.0,1,30.60346066290834
129,2,primary kaon,0,20,0.0,1,23.543565945725874
130,2,primary kaon,0,20,0.0,1,16.061471590022368
131,2,primary kaon,0,20,0.0,1,8.812282776323945
132,2,primary kaon,0,20,0.0,1,1.0046932905675552
133,2,primary kaon,0,20,0.0,1,7.500453134985229
134,2,primary kaon,0,20,0.0,1,8.937881143036819
135,2,primary kaon,0,20,0.0,1,2.792249604575987
136,2,primary kaon,0,20,0.0,1,0.06001376933133103
137,2,primary kaon,0,20,0.0,1,0.8639278295358168
138,2,primary kaon,0,20,0.0,1,5.318353040339501
139,2,primary kaon,0,20,69.5369356685733,1,2.4340106696630888
140,9,daughter kaon,2,20,0.0,1,0.27282812539801676
140,2,primary kaon,0,-2,0.0,0,11.111688965323278
141,2,primary kaon,0,20,0.0,1,16.94728129435856
142,2,primary kaon,0,20,0.0,1,7.1133366102995925
143,2,primary kaon,0,20,0.0,1,0.46632383047070053
144,2,primary kaon,0,-2,0.0,0,2.1109361016470922
145,2,primary kaon,0,20,0.0,1,25.14070911938943
146,2,primary kaon,0,20,0.0,1,22.803388507306202
147,2,primary kaon,0,20,0.0,1,6.499651837934834
148,2,primary kaon,0,20,0.0,1,6.420127265522004
149,2,primary kaon,0,20,0.0,1,9.735410692266795
150,2,primary kaon,0,20,0.0,1,12.025131162980026
151,2,primary kaon,0,20,0.0,1,23.460276338617465
152,2,primary kaon,0,20,0.0,1,20.369255021968723
153,2,primary kaon,0,20,0.0,1,2.8244076376415914
154,2,primary kaon,0,20,0.0,1,2.918799241203787
155,2,primary kaon,0,20,0.0,1,21.450115652122708
156,2,primary kaon,0,20,0.0,1,1.4550107101926413
157,2,primary kaon,0,20,67.43060266983899,1,1.5293164122006968
158,2,primary kaon,0,20,0.0,1,5.959959794485034
159,2,primary kaon,0,20,0.0,1,33.43886219042429
160,2,primary kaon,0,20,0.0,1,9.915077595800385
161,6,daughter kaon,2,20,0.0,1,0.08135512743547274
161,2,primary kaon,0,-2,0.0,0,16.826213602258665
162,2,primary kaon,0,20,0.0,1,4.927341076624636
163,2,primary kaon,0,20,0.0,1,8.921871112111493
164,2,primary kaon,0,20,0.0,1,2.6046987477691843
165,2,primary kaon,0,20,0.0,1,7.46069045083901
166,2,primary kaon,0,20,0.0,1,18.79174783048911
167,2,primary kaon,0,-2,0.0,0,7.802032552167397
168,2,primary kaon,0,20,0.0,1,17.166305822934998
169,2,primary kaon,0,20,0.0,1,30.406498818037406
170,2,primary kaon,0,20,0.0,1,0.37864506467509645
171,2,primary kaon,0,20,0.0,1,1.0014707475511189
172,2,primary kaon,0,20,0.0,1,10.461363575383782
173,2,primary kaon,0,20,0.0,1,13.262800830124739
174,2,primary kaon,0,20,0.0,1,7.078756037244725
175,2,primary kaon,0,20,0.0,1,14.86164868911886
176,2,primary kaon,0,20,106.78029923884044,1,20.725728254065398
177,2,primary kaon,0,20,0.0,1,0.2518992414306711
178,2,primary kaon,0,20,0.0,1,53.33486958064757
179,2,primary kaon,0,20,0.0,1,23.92098581433896
180,2,primary kaon,0,20,0.0,1,12.65056342628891
181,2,primary kaon,0,20,0.0,1,3.481862548168151
182,2,primary kaon,0,20,0.0,1,12.269897951427437
183,2,primary kaon,0,20,0.0,1,4.64838193597147
184,2,primary kaon,0,20,0.0,1,4.010385983126386
185,2,primary kaon,0,20,0.0,1,1.5667594817236736
186,5,daughter kaon,2,20,0.0,1,2.151303694700769
186,2,primary kaon,0,-2,0.0,0,6.22331123908295
187,2,primary kaon,0,20,0.0,1,14.46147292477182
188,4,daughter kaon,2,20,0.0,1,0.01079172783797868
188,2,primary kaon,0,-2,0.0,0,2.0750246553872
189,3,daughter kaon,2,20,0.0,1,0.041998753047340506
189,2,primary kaon,0,-2,0.0,0,4.232058347892002
190,2,primary kaon,0,20,82.12777474676743,1,15.25999700373829
191,2,primary kaon,0,20,67.03233308215273,1,13.07171287050716
192,7,daughter kaon,2,20,0.0,1,0.2828793966567185
192,2,primary kaon,0,-2,0.0,0,12.633037036981806
193,2,primary kaon,0,20,0.0,1,4.660703230532616
194,2,primary kaon,0,20,0.0,1,19.243768498033646
195,2,primary kaon,0,20,0.0,1,5.882726101445043
196,2,primary kaon,0,20,0.0,1,1.8178791140078103
197,2,primary kaon,0,20,0.0,1,15.199569223425824
198,2,primary kaon,0,20,0.0,1,4.1177581491697035
199,2,primary kaon,0,20,0.0,1,18.33319400842618
200,2,primary kaon,0,20,0.0,1,30.34832376404874
201,2,primary kaon,0,20,41.84422576435397,1,11.904801945718104
202,2,primary kaon,0,20,0.0,1,4.024699224279661
203,2,primary kaon,0,20,0.0,1,1.8546405237301413
204,2,primary kaon,0,20,0.0,1,7.417072312422209
205,2,primary kaon,0,20,0.0,1,9.398019120161205
206,2,primary kaon,0,20,0.0,1,2.238237904341478
207,2,primary kaon,0,20,0.0,1,22.556704617269638
208,2,primary kaon,0,20,0.0,1,9.156325232154117
209,2,primary kaon,0,20,0.0,1,25.483914317189022
210,2,primary kaon,0,20,0.0,1,0.06882062564843416
211,2,primary kaon,0,20,0.0,1,7.245644461859577
212,2,primary kaon,0,20,0.0,1,18.515186516984848
213,2,primary kaon,0,20,0.0,1,12.434701705626031
214,2,primary kaon,0,20,0.0,1,12.057513514207033
215,2,primary kaon,0,20,0.0,1,14.644124351906823
216,2,primary kaon,0,20,81.15531903182124,1,9.063485818247232
217,2,primary kaon,0,20,0.0,1,4.18395762043381
218,2,primary kaon,0,20,0.0,1,0.3159703543460991
219,2,primary kaon,0,20,0.0,1,11.530166194889318
220,2,primary kaon,0,20,0.0,1,20.46800139391094
221,2,primary kaon,0,20,0.0,1,6.589553801008404
222,2,primary kaon,0,20,0.0,1,24.96459047250652
223,2,primary kaon,0,20,0.0,1,16.99739817986797
224,2,primary kaon,0,-2,0.0,0,0.863200482587111
225,2,primary kaon,0,20,0.0,1,5.070175346537875
226,2,primary kaon,0,20,0.0,1,6.461616519711876
227,2,primary kaon,0,20,0.0,1,8.074573057109623
228,2,primary kaon,0,20,28.12111319479741,1,13.466635445931407
229,2,primary kaon,0,20,0.0,1,0.5411474035834225
230,2,primary kaon,0,20,0.0,1,4.964011759498264
231,2,primary kaon,0,20,0.0,1,0.8526335825302802
232,2,primary kaon,0,20,0.0,1,27.651570316723596
233,2,primary kaon,0,20,0.0,1,10.867955288719855
234,2,primary kaon,0,20,0.0,1,5.71651240776312
235,2,primary kaon,0,20,0.0,1,39.48979056032537
236,2,primary kaon,0,20,0.0,1,10.163916422862044
237,2,primary kaon,0,20,0.0,1,5.844228919339662
238,2,primary kaon,0,20,0.0,1,8.201449896763416
239,2,primary kaon,0,20,37.15272317606763,1,14.330312153783606
240,2,primary kaon,0,20,0.0,1,6.856198167259426
241,2,primary kaon,0,20,0.0,1,4.006064490184494
242,14,daughter kaon,2,20,0.0,1,0.010795659515638996
242,2,primary kaon,0,-2,0.0,0,19.950937891211403
243,2,primary kaon,0,20,0.0,1,20.486691204549327
244,2,primary kaon,0,20,0.0,1,17.403603315592076
245,2,primary kaon,0,20,0.0,1,5.775665910652148
246,2,primary kaon,0,20,0.0,1,5.694104665114678
247,2,primary kaon,0,20,0.0,1,9.422675290935352
248,2,primary kaon,0,20,0.0,1,21.285756025717465
249,2,primary kaon,0,20,0.0,1,18.713928155373917
250,2,primary kaon,0,20,0.0,1,4.332661884405417
251,2,primary kaon,0,20,87.84678301504927,1,3.0089737508890617
252,2,primary kaon,0,20,0.0,1,17.6885345008726
253,2,primary kaon,0,20,0.0,1,20.33222958276334
254,2,primary kaon,0,20,0.0,1,14.143024775901852
255,2,primary kaon,0,20,0.0,1,20.267894804882488
256,2,primary kaon,0,20,0.0,1,17.800216189815657
257,2,primary kaon,0,20,0.0,1,4.621030394107395
258,2,primary kaon,0,20,0.0,1,11.789157527394066
259,2,primary kaon,0,20,0.0,1,15.077352787822642
260,2,primary kaon,0,20,121.2970465714452,1,2.987670844078119
261,2,primary kaon,0,20,0.0,1,24.910968896892882
262,2,primary kaon,0,20,0.0,1,2.5251471707249658
263,2,primary kaon,0,20,0.0,1,0.34615514669361375
264,2,primary kaon,0,20,0.0,1,6.880526778066354
265,2,primary kaon,0,20,63.148009266935055,1,1.075261894039611
266,2,primary kaon,0,20,0.0,1,11.758664867642702
267,2,primary kaon,0,20,0.0,1,7.82821008759811
268,2,primary kaon,0,20,0.0,1,6.9541583002903815
269,2,primary kaon,0,20,0.0,1,0.2325000399925904
270,2,primary kaon,0,20,0.0,1,13.729643851621486
271,2,primary kaon,0,20,0.0,1,8.777538281163192
272,2,primary kaon,0,20,0.0,1,0.11235243627496151
273,2,primary kaon,0,20,0.0,1,25.11030213878302
274,2,primary kaon,0,20,0.0,1,5.902589706693713
275,2,primary kaon,0,20,0.0,1,8.808014692487246
276,2,primary kaon,0,20,0.0,1,7.512305100110423
277,2,primary kaon,0,20,0.0,1,1.9912249063528198
278,2,primary kaon,0,20,0.0,1,0.13207918465355908
279,2,primary kaon,0,20,0.0,1,34.19260549889163
280,2,primary kaon,0,20,0.0,1,11.888717127088565
281,2,primary kaon,0,20,0.0,1,5.137790723095183
282,2,primary kaon,0,20,0.0,1,0.6036489916302139
283,2,primary kaon,0,20,0.0,1,15.144344068495453
284,2,primary kaon,0,20,16.59633215341141,1,19.250687578101886
285,2,primary kaon,0,20,0.0,1,33.63601614400533
286,2,primary kaon,0,20,0.0,1,16.429303954711642
287,2,primary kaon,0,20,87.99482059309996,1,4.05577431136985
288,2,primary kaon,0,20,0.0,1,31.30222277727746
289,2,primary kaon,0,20,0.0,1,20.702912910679466
290,2,primary kaon,0,20,49.41535143796859,1,15.42047631814125
291,2,primary kaon,0,20,0.0,1,10.951961679174318
292,9,daughter kaon,2,20,0.0,1,2.133479226019893
292,2,primary kaon,0,-2,0.0,0,19.504820817145117
293,2,primary kaon,0,20,0.0,1,36.56026589136081
294,2,primary kaon,0,20,0.0,1,18.07588190553879
295,2,primary kaon,0,20,0.0,1,13.296337994875866
296,2,primary kaon,0,20,0.0,1,39.070439005145765
297,2,primary kaon,0,20,0.0,1,11.93729601848747
298,2,primary kaon,0,20,68.17939868305238,1,9.93812686263329
299,2,primary kaon,0,20,0.0,1,4.0315820612968984
300,2,primary kaon,0,20,0.0,1,8.323769117823991
301,2,primary kaon,0,20,0.0,1,2.0780764022294105
302,2,primary kaon,0,20,0.0,1,14.988566713243916
303,2,primary kaon,0,20,0.0,1,6.018968394362233
304,2,primary kaon,0,20,0.0,1,18.55481955452845
305,2,primary kaon,0,-2,0.0,0,4.0050442683414715
306,2,primary kaon,0,20,0.0,1,19.712093712517692
307,2,primary kaon,0,20,0.0,1,0.5216592866821372
308,2,primary kaon,0,20,0.0,1,7.678288680775334
309,2,primary kaon,0,20,0.0,1,18.702498242743932
310,2,primary kaon,0,20,0.0,1,0.9313965620181129
311,2,primary kaon,0,20,0.0,1,19.9433464467221
312,2,primary kaon,0,20,0.0,1,24.338815278903475
313,2,primary kaon,0,20,0.0,1,2.5744165558166094
314,2,primary kaon,0,20,0.0,1,26.054149419758723
315,2,primary kaon,0,20,0.0,1,6.077379463826978
316,2,primary kaon,0,20,0.0,1,1.8655648052858296
317,2,primary kaon,0,20,0.0,1,10.270744700883544
318,2,primary kaon,0,20,0.0,1,5.723547414171222
319,2,primary kaon,0,20,0.0,1,13.50671729294864
320,2,primary kaon,0,20,0.0,1,11.39861367399708
321,2,primary kaon,0,20,0.0,1,3.9815722025316442
322,2,primary kaon,0,20,0.0,1,16.11153724074179
323,2,primary kaon,0,20,0.0,1,15.692177792509868
324,2,primary kaon,0,20,0.0,1,16.550847085386305
325,2,primary kaon,0,20,0.0,1,9.297346050025729
326,2,primary kaon,0,20,0.0,1,8.125487070890664
327,2,primary kaon,0,20,44.98888873429154,1,5.352981298207231
328,2,primary kaon,0,20,118.31186153088392,1,9.440496996928845
329,2,primary kaon,0,20,0.0,1,12.868643622819652
330,2,primary kaon,0,20,0.0,1,21.950903449550225
331,2,primary kaon,0,20,0.0,1,4.971602821738815
332,2,primary kaon,0,20,0.0,1,30.24123369009002
333,2,primary kaon,0,20,0.0,1,5.221651886908288
334,2,primary kaon,0,20,0.0,1,17.70594418647552
335,2,primary kaon,0,20,0.0,1,1.3875153390689232
336,2,primary kaon,0,20,0.0,1,9.26441370569913
337,2,primary kaon,0,20,0.0,1,1.4850733557776015
338,2,primary kaon,0,20,0.0,1,16.716944538189654
339,2,primary kaon,0,20,0.0,1,11.394502020608442
340,6,daughter kaon,2,20,0.0,1,5.247515739710835
340,2,primary kaon,0,-2,0.0,0,8.201085318090083
341,2,primary kaon,0,20,0.0,1,11.221594191040952
342,2,primary kaon,0,20,0.0,1,19.158399963462657
343,2,primary kaon,0,20,0.0,1,6.481760916966621
344,2,primary kaon,0,20,187.7659915512561,1,3.5344873948961464
345,2,primary kaon,0,20,0.0,1,12.625432214622863
346,2,primary kaon,0,20,0.0,1,16.78618096200428
347,2,primary kaon,0,20,0.0,1,3.188751225970187
348,2,primary kaon,0,20,0.0,1,22.07927390261686
349,2,primary kaon,0,20,0.0,1,22.607264949703612
350,2,primary kaon,0,20,0.0,1,0.17260036516405936
351,2,primary kaon,0,20,0.0,1,24.4512007200272
352,2,primary kaon,0,20,0.0,1,29.18598249036905
353,2,primary kaon,0,20,0.0,1,31.888378630910218
354,2,primary kaon,0,20,0.0,1,4.693735357502481
355,2,primary kaon,0,-2,0.0,0,33.81937072680691
356,2,primary kaon,0,20,0.0,1,8.027042015653205
357,2,primary kaon,0,20,77.28297201790056,1,9.649802890304178
358,2,primary kaon,0,20,0.0,1,2.36073353542667
359,2,primary kaon,0,20,0.0,1,31.3282511315989
360,2,primary kaon,0,20,0.0,1,3.9070319321384868
361,2,primary kaon,0,20,0.0,1,4.236458136909486
362,2,primary kaon,0,20,0.0,1,1.3637362096956258
363,6,daughter kaon,2,20,0.0,1,0.02537124763357458
363,2,primary kaon,0,-2,0.0,0,2.4908408370175463
364,2,primary kaon,0,20,0.0,1,1.4644141057085434
365,6,daughter kaon,2,20,0.0,1,0.1590820938294402
365,2,primary kaon,0,-2,0.0,0,7.260521683681442
366,2,primary kaon,0,20,0.0,1,8.15091709829923
367,2,primary kaon,0,20,0.0,1,7.275790392353601
368,2,primary kaon,0,20,0.0,1,17.5409716887303
369,2,primary kaon,0,20,0.0,1,6.013808893224179
370,2,primary kaon,0,20,0.0,1,28.41295030477711
371,2,primary kaon,0,20,47.49209346864709,1,3.968018684586715
372,2,primary kaon,0,20,0.0,1,9.456096990790714
373,2,primary kaon,0,20,0.0,1,16.989043638547823
374,2,primary kaon,0,20,0.0,1,21.080142413832693
375,2,primary kaon,0,20,0.0,1,13.25473355531745
376,2,primary kaon,0,20,0.0,1,12.373204934348708
377,2,primary kaon,0,20,0.0,1,6.572825354838576
378,2,primary kaon,0,20,0.0,1,9.790098407849795
379,2,primary kaon,0,20,0.0,1,4.718072460510499
380,2,primary kaon,0,20,0.0,1,6.37972143585402
381,2,primary kaon,0,20,0.0,1,6.331128482469198
382,2,primary kaon,0,20,0.0,1,0.01355995825925738
383,2,primary kaon,0,20,0.0,1,4.606824695384661
384,2,primary kaon,0,20,0.0,1,2.3135020606262486
385,2,primary kaon,0,20,0.0,1,12.419613547416295
386,2,primary kaon,0,20,0.0,1,1.1329146834075827
387,2,primary kaon,0,20,0.0,1,13.131336186771179
388,2,primary kaon,0,20,0.0,1,0.36593984028016885
389,2,primary kaon,0,20,0.0,1,8.559471715285405
390,2,primary kaon,0,20,0.0,1,0.9658883367594585
391,2,primary kaon,0,20,19.13870563516397,1,4.200915980503195
392,2,primary kaon,0,20,0.0,1,19.310679002905296
393,2,primary kaon,0,20,74.09113674033492,1,15.672377988792105
394,2,primary kaon,0,20,74.25884766484421,1,12.5465031491728
395,2,primary kaon,0,20,0.0,1,22.892502384351822
396,2,primary kaon,0,20,0.0,1,13.895373474158301
397,2,primary kaon,0,20,0.0,1,12.081773360652074
398,2,primary kaon,0,20,0.0,1,25.402283342374773
399,2,primary kaon,0,20,0.0,1,25.13301864920735
400,2,primary kaon,0,20,0.0,1,7.090728996081647
401,2,primary kaon,0,20,0.0,1,1.3971085252832225
402,2,primary kaon,0,20,0.0,1,11.738605374118025
403,2,primary kaon,0,20,0.0,1,0.0715881173783301
404,2,primary kaon,0,20,0.0,1,19.5513733037872
405,2,primary kaon,0,20,0.0,1,22.16473032017053
406,2,primary kaon,0,20,0.0,1,6.28959654896641
407,2,primary kaon,0,20,0.0,1,6.866616966027188
408,2,primary kaon,0,20,0.0,1,6.519365371209627
409,2,primary kaon,0,20,0.0,1,25.931935729272848
410,2,primary kaon,0,20,0.0,1,4.275285902921312
411,3,daughter kaon,2,20,0.0,1,0.0069270303837288445
411,2,primary kaon,0,-2,0.0,0,4.586756620168933
412,2,primary kaon,0,20,0.0,1,1.2083964704380015
413,2,primary kaon,0,20,0.0,1,7.396469935339825
414,2,primary kaon,0,20,0.0,1,8.770560189025453
415,2,primary kaon,0,20,0.0,1,9.46924531782694
416,2,primary kaon,0,20,0.0,1,11.370829105762963
417,2,primary kaon,0,20,0.0,1,2.2363799577062977
418,2,primary kaon,0,20,0.0,1,4.265934146992464
419,2,primary kaon,0,20,0.0,1,30.949410098401724
420,2,primary kaon,0,20,0.0,1,11.682201168613277
421,2,primary kaon,0,20,0.0,1,14.184573326474347
422,2,primary kaon,0,20,0.0,1,29.54295391436826
423,2,primary kaon,0,20,0.0,1,15.183029851117183
424,2,primary kaon,0,20,0.0,1,0.09782994677856771
425,2,primary kaon,0,20,0.0,1,5.052457626107291
426,2,primary kaon,0,20,0.0,1,27.1383098385366
427,2,primary kaon,0,20,0.0,1,2.611440068868293
428,2,primary kaon,0,20,0.0,1,17.268130091393946
429,2,primary kaon,0,20,0.0,1,12.188560358716227
430,2,primary kaon,0,20,0.0,1,5.48420263071511
431,2,primary kaon,0,20,0.0,1,5.514994122658228
432,2,primary kaon,0,20,0.0,1,0.6861806654434147
433,2,primary kaon,0,20,0.0,1,0.9845475060471957
434,2,primary kaon,0,20,0.0,1,9.394095371050298
435,2,primary kaon,0,20,0.0,1,6.067789728694348
436,2,primary kaon,0,20,0.0,1,6.615589373024481
437,2,primary kaon,0,20,0.0,1,11.536840601371122
438,2,primary kaon,0,20,0.0,1,29.35453089240425
439,2,primary kaon,0,20,0.0,1,15.402928411749746
440,2,primary kaon,0,20,0.0,1,1.603061873751299
441,2,primary kaon,0,20,0.0,1,23.614341531376105
442,2,primary kaon,0,20,146.12115953651352,1,7.073695477191688
443,2,primary kaon,0,20,0.0,1,5.0841783698080585
444,2,primary kaon,0,20,0.0,1,0.6038225100340013
445,2,primary kaon,0,20,0.0,1,10.265967315455695
446,2,primary kaon,0,20,0.0,1,1.978337197738686
447,2,primary kaon,0,20,0.0,1,2.973185480190431
448,2,primary kaon,0,20,0.0,1,28.21573064394869
449,2,primary kaon,0,20,0.0,1,21.278329348670603
450,2,primary kaon,0,20,0.0,1,8.31652289586818
451,2,primary kaon,0,20,0.0,1,15.261307740584066
452,2,primary kaon,0,20,0.0,1,6.7571673473826195
453,2,primary kaon,0,20,0.0,1,0.6092395468651636
454,2,primary kaon,0,20,0.0,1,11.643749937048472
455,2,primary kaon,0,20,0.0,1,3.560944021578775
456,7,daughter kaon,2,20,0.0,1,0.6184223693585926
456,2,primary kaon,0,-2,0.0,0,3.7560536187310336
457,2,primary kaon,0,20,0.0,1,0.8917140455391804
458,2,primary kaon,0,20,0.0,1,12.7723748129495
459,2,primary kaon,0,20,0.0,1,18.71659454577644
460,2,primary kaon,0,20,0.0,1,8.879617927511203
461,2,primary kaon,0,20,0.0,1,3.828105433306341
462,2,primary kaon,0,20,0.0,1,19.076245169927233
463,2,primary kaon,0,20,0.0,1,0.3661911213418281
464,2,primary kaon,0,20,0.0,1,11.709224540860443
465,2,primary kaon,0,20,0.0,1,4.6916851191935525
466,2,primary kaon,0,20,0.0,1,2.388234223515532
467,2,primary kaon,0,20,0.0,1,18.28044588927972
468,2,primary kaon,0,20,0.0,1,0.8807077633828585
469,2,primary kaon,0,20,46.87178510049466,1,7.4356101174594444
470,2,primary kaon,0,20,0.0,1,4.942592257774716
471,8,daughter kaon,2,20,0.0,1,7.62927783099624
471,2,primary kaon,0,-2,0.0,0,9.832613386845027
472,2,primary kaon,0,-2,0.0,0,7.579957239490253
473,2,primary kaon,0,20,0.0,1,5.369216077157548
474,2,primary kaon,0,20,0.0,1,0.4609644888771208
475,2,primary kaon,0,20,0.0,1,0.06756921884829829
476,2,primary kaon,0,20,0.0,1,12.665254185900787
477,22,daughter kaon,2,20,0.0,1,0.008733588899638054
477,2,primary kaon,0,-2,0.0,0,50.27009241089057
478,2,primary kaon,0,20,0.0,1,2.4065642635045665
479,2,primary kaon,0,20,0.0,1,3.7242594511519687
480,2,primary kaon,0,20,0.0,1,24.84048155521854
481,3,daughter kaon,2,20,0.0,1,2.854839029512562
481,2,primary kaon,0,-2,0.0,0,1.0219012871753768
482,2,primary kaon,0,20,0.0,1,15.305157872100562
483,2,primary kaon,0,20,0.0,1,10.681828864277865
484,2,primary kaon,0,20,0.0,1,31.911797000084885
485,2,primary kaon,0,20,0.0,1,10.518272887966727
486,2,primary kaon,0,20,0.0,1,27.094174873470813
487,2,primary kaon,0,20,0.0,1,27.858836498453346
488,2,primary kaon,0,20,0.0,1,1.2431230331487841
489,7,daughter kaon,2,20,0.0,1,2.189858485166411
489,2,primary kaon,0,-2,0.0,0,8.373714897586549
490,2,primary kaon,0,20,0.0,1,0.24703598061238277
491,2,primary kaon,0,20,0.0,1,3.7835924735648345
492,2,primary kaon,0,20,0.0,1,9.256536903931607
493,2,primary kaon,0,20,0.0,1,11.885481936034779
494,2,primary kaon,0,20,80.03455085159393,1,1.6506071220109966
495,2,primary kaon,0,20,0.0,1,8.391192084349237
496,2,primary kaon,0,20,0.0,1,2.311955084104038
497,2,primary kaon,0,20,0.0,1,14.576978764245041
498,2,primary kaon,0,20,0.0,1,0.017068694014227913
499,2,primary kaon,0,20,0.0,1,0.7191967330887598
500,2,primary kaon,0,20,0.0,1,14.049860062518285
501,2,primary kaon,0,20,0.0,1,1.7910173991999834
502,2,primary kaon,0,20,0.0,1,4.813128048408652
503,2,primary kaon,0,20,0.0,1,2.8051236937986985
504,2,primary kaon,0,20,0.0,1,26.72070985826209
505,2,primary kaon,0,20,0.0,1,6.832931501974311
506,2,primary kaon,0,20,0.0,1,4.880426674087822
507,2,primary kaon,0,20,0.0,1,2.6348310862707245
508,2,primary kaon,0,20,0.0,1,7.830313045286813
509,8,daughter kaon,2,20,0.0,1,0.08434674278298497
509,2,primary kaon,0,-2,0.0,0,14.993663871049145
510,2,primary kaon,0,20,0.0,1,8.83229396009644
511,2,primary kaon,0,20,0.0,1,6.6395106029861894
512,2,primary kaon,0,20,0.0,1,11.80784700808379
513,2,primary kaon,0,20,0.0,1,5.220499322143203
514,2,primary kaon,0,20,0.0,1,0.8518756569581463
515,2,primary kaon,0,20,0.0,1,1.6519268208614593
516,2,primary kaon,0,20,0.0,1,5.00342728740885
517,2,primary kaon,0,20,0.0,1,8.345478935341538
518,2,primary kaon,0,20,0.0,1,0.7750935115896714
519,2,primary kaon,0,20,0.0,1,16.262344809736142
520,2,primary kaon,0,20,0.0,1,5.26166026465723
521,2,primary kaon,0,20,0.0,1,0.6007224322007712
522,2,primary kaon,0,20,0.0,1,9.163499924056259
523,2,primary kaon,0,20,0.0,1,11.575600624330109
524,2,primary kaon,0,20,0.0,1,24.159037257627983
525,2,primary kaon,0,20,0.0,1,4.848555699380935
526,2,primary kaon,0,20,0.0,1,0.06377300609833474
527,2,primary kaon,0,20,0.0,1,0.7394780064068011
528,2,primary kaon,0,20,0.0,1,11.693104919646112
529,2,primary kaon,0,20,0.0,1,17.05479422105258
530,2,primary kaon,0,20,0.0,1,29.283721913375526
531,2,primary kaon,0,20,0.0,1,8.31628922055083
532,2,primary kaon,0,20,0.0,1,21.91465411130845
533,2,primary kaon,0,20,0.0,1,0.6446787432573763
534,2,primary kaon,0,20,0.0,1,3.883331769310957
535,6,daughter kaon,2,20,66.42708441204329,1,0.8034933232596545
535,2,primary kaon,0,-2,0.0,0,9.572012591450044
536,2,primary kaon,0,20,0.0,1,5.866387110704613
537,2,primary kaon,0,20,0.0,1,16.46684197136856
538,2,primary kaon,0,20,0.0,1,2.63932053701005
539,2,primary kaon,0,20,0.0,1,51.61647790112278
540,2,primary kaon,0,20,0.0,1,19.439023741814275
541,2,primary kaon,0,20,0.0,1,9.40615593290827
542,2,primary kaon,0,20,0.0,1,16.314824817895285
543,2,primary kaon,0,20,0.0,1,6.262702510576325
544,2,primary kaon,0,20,0.0,1,18.33672685431726
545,2,primary kaon,0,20,0.0,1,3.5403417098366328
546,2,primary kaon,0,20,0.0,1,31.22179456827426
547,2,primary kaon,0,20,0.0,1,9.120031838986728
548,2,primary kaon,0,20,0.0,1,30.378738119691246
549,2,primary kaon,0,20,0.0,1,20.714332884953695
550,2,primary kaon,0,20,0.0,1,16.797615942676153
551,2,primary kaon,0,20,0.0,1,20.853552372278948
552,2,primary kaon,0,20,0.0,1,3.2552770295850757
553,3,daughter kaon,2,20,0.0,1,2.926932532163745
553,2,primary kaon,0,-2,0.0,0,1.1490766204073173
554,2,primary kaon,0,20,0.0,1,8.12074553804784
555,2,primary kaon,0,20,0.0,1,1.1311667537405439
556,2,primary kaon,0,20,0.0,1,11.166557230052318
557,326,daughter kaon,2,20,0.0,1,0.09274085350778782
557,2,primary kaon,0,-2,0.0,0,1.7733165662164407
558,2,primary kaon,0,20,0.0,1,3.3165461368862945
559,2,primary kaon,0,20,0.0,1,18.56612392268104
560,2,primary kaon,0,20,0.0,1,8.196493001585363
561,2,primary kaon,0,20,0.0,1,19.10320807512021
562,2,primary kaon,0,20,0.0,1,8.560038510061664
563,2,primary kaon,0,20,0.0,1,9.256721986506758
564,2,primary kaon,0,20,0.0,1,6.353451804648007
565,2,primary kaon,0,20,0.0,1,11.99243487042898
566,2,primary kaon,0,20,0.0,1,4.8156803209637875
567,2,primary kaon,0,20,0.0,1,6.137147964663228
568,2,primary kaon,0,20,0.0,1,7.407459163876839
569,2,primary kaon,0,20,0.0,1,19.05697706999455
570,2,primary kaon,0,20,0.0,1,0.5378622503085606
571,2,primary kaon,0,20,0.0,1,10.433363992559153
572,2,primary kaon,0,20,0.0,1,2.668785904669902
573,2,primary kaon,0,20,0.0,1,28.372083271467076
574,2,primary kaon,0,20,0.0,1,14.167545393504666
575,2,primary kaon,0,20,0.0,1,32.2962200017313
576,2,primary kaon,0,20,0.0,1,0.9135712681136458
577,2,primary kaon,0,20,37.26295759100572,1,9.158335877800253
578,2,primary kaon,0,20,0.0,1,14.83020055080036
579,5,daughter kaon,2,20,0.0,1,1.3345105720775656
579,2,primary kaon,0,-2,0.0,0,8.609041021339896
580,2,primary kaon,0,20,0.0,1,10.289330322278609
581,2,primary kaon,0,20,0.0,1,0.1537007340324018
582,2,primary kaon,0,20,0.0,1,1.562320185097486
583,2,primary kaon,0,20,0.0,1,6.61108160738652
584,3,daughter kaon,2,20,0.0,1,0.8102026843795396
584,2,primary kaon,0,-2,0.0,0,12.072794137231051
585,2,primary kaon,0,20,0.0,1,18.17454795913078
586,2,primary kaon,0,20,0.0,1,17.460867707078656
587,2,primary kaon,0,20,0.0,1,3.649219380896189
588,2,primary kaon,0,20,0.0,1,18.92923327645905
589,2,primary kaon,0,20,0.0,1,4.418714355338355
590,2,primary kaon,0,20,0.0,1,8.837714017023238
591,2,primary kaon,0,20,0.0,1,19.171256532469265
592,2,primary kaon,0,20,38.31237169872605,1,0.5112054021284707
593,2,primary kaon,0,20,0.0,1,14.55205880797766
594,2,primary kaon,0,20,0.0,1,1.3699804734239558
595,2,primary kaon,0,20,0.0,1,24.666607169784804
596,2,primary kaon,0,20,0.0,1,15.638698952895352
597,2,primary kaon,0,20,0.0,1,3.6315966876779284
598,3,daughter kaon,2,20,0.0,1,0.42501705100907844
598,2,primary kaon,0,-2,0.0,0,12.843209225029288
599,2,primary kaon,0,20,0.0,1,2.2345139620199808
600,2,primary kaon,0,20,0.0,1,34.273491612251874
601,2,primary kaon,0,20,0.0,1,12.315840087676671
602,2,primary kaon,0,20,0.0,1,5.26534563120099
603,2,primary kaon,0,20,0.0,1,5.845856758794458
604,2,primary kaon,0,20,0.0,1,1.212994663628516
605,2,primary kaon,0,20,73.90039935833613,1,10.86411230444349
606,2,primary kaon,0,20,0.0,1,14.373583524003438
607,2,primary kaon,0,20,0.0,1,14.19179226415986
608,2,primary kaon,0,20,0.0,1,28.38357428025793
609,2,primary kaon,0,20,0.0,1,7.511291933971587
610,2,primary kaon,0,20,0.0,1,47.859950471180476
611,2,primary kaon,0,20,0.0,1,9.244447395603503
612,2,primary kaon,0,20,0.0,1,9.605652847849385
613,2,primary kaon,0,20,0.0,1,37.52659124678292
614,2,primary kaon,0,20,0.0,1,10.89968681828965
615,2,primary kaon,0,20,0.0,1,9.719209753728308
616,2,primary kaon,0,20,0.0,1,33.459383470104605
617,2,primary kaon,0,20,0.0,1,1.0614581572880475
618,2,primary kaon,0,20,0.0,1,0.14105533390630184
619,2,primary kaon,0,20,0.0,1,18.06646940967459
620,2,primary kaon,0,20,0.0,1,2.462812731988597
621,2,primary kaon,0,20,0.0,1,9.11604697573502
622,2,primary kaon,0,20,0.0,1,5.539111637306346
623,2,primary kaon,0,20,0.0,1,0.3279579788980128
624,2,primary kaon,0,20,0.0,1,6.568393744652875
625,2,primary kaon,0,20,0.0,1,23.961379155515107
626,2,primary kaon,0,20,0.0,1,17.893945910141944
627,2,primary kaon,0,20,0.0,1,15.690595463307961
628,2,primary kaon,0,20,0.0,1,31.970670325253465
629,2,primary kaon,0,20,0.0,1,11.543107295635563
630,2,primary kaon,0,20,0.0,1,0.5177040306876308
631,2,primary kaon,0,20,0.0,1,17.015164081656888
632,2,primary kaon,0,20,0.0,1,2.6718116803251477
633,2,primary kaon,0,20,0.0,1,3.0458209060795127
634,2,primary kaon,0,20,0.0,1,12.454008452686857
635,2,primary kaon,0,20,0.0,1,19.618209889328377
636,2,primary kaon,0,20,0.0,1,10.010208245828712
637,2,primary kaon,0,20,0.0,1,22.84254569974498
638,2,primary kaon,0,20,0.0,1,24.382016165605098
639,2,primary kaon,0,20,0.0,1,13.192330393182093
640,2,primary kaon,0,20,0.0,1,9.728511005798149
641,2,primary kaon,0,20,0.0,1,0.5417465202460308
642,2,primary kaon,0,20,0.0,1,4.808709906946807
643,2,primary kaon,0,20,0.0,1,22.658643510368144
644,2,primary kaon,0,20,0.0,1,7.712189299127109
645,2,primary kaon,0,20,63.423353709372265,1,2.0167334999777613
646,2,primary kaon,0,20,0.0,1,0.0004886103204855547
647,2,primary kaon,0,20,0.0,1,18.88245051820406
648,2,primary kaon,0,20,0.0,1,15.269238932170955
649,2,primary kaon,0,20,0.0,1,5.546169901530931
650,2,primary kaon,0,20,0.0,1,5.403427310844054
651,2,primary kaon,0,20,78.53407082041389,1,0.80552079489887
652,2,primary kaon,0,20,0.0,1,1.842301643400854
653,2,primary kaon,0,20,0.0,1,4.020523092094907
654,2,primary kaon,0,20,0.0,1,16.717179927396536
655,2,primary kaon,0,20,0.0,1,7.168799981061864
656,2,primary kaon,0,20,0.0,1,4.955698487187873
657,2,primary kaon,0,20,0.0,1,1.985378158181073
658,2,primary kaon,0,20,0.0,1,4.473206947031425
659,2,primary kaon,0,20,0.0,1,4.255950682340718
660,2,primary kaon,0,20,0.0,1,26.9189257327242
661,2,primary kaon,0,20,0.0,1,32.6294436514157
662,2,primary kaon,0,20,0.0,1,1.769704941216924
663,2,primary kaon,0,20,0.0,1,19.74547974941076
664,2,primary kaon,0,20,0.0,1,9.512046841245171
665,2,primary kaon,0,20,0.0,1,29.51416081807052
666,2,primary kaon,0,20,0.0,1,4.244221381749693
667,2,primary kaon,0,20,0.0,1,0.5503389661290529
668,2,primary kaon,0,20,0.0,1,13.21310103219411
669,2,primary kaon,0,20,0.0,1,8.717801194584746
670,2,primary kaon,0,20,0.0,1,3.987771139572005
671,8,daughter kaon,2,20,0.0,1,1.2416225814175672
671,2,primary kaon,0,-2,0.0,0,4.501243244057804
672,2,primary kaon,0,20,0.0,1,40.66444569594543
673,2,primary kaon,0,20,0.0,1,9.126104884626853
674,2,primary kaon,0,20,0.0,1,21.503661324316038
675,2,primary kaon,0,20,0.0,1,0.9635916414759582
676,2,primary kaon,0,20,0.0,1,7.807450175481925
677,2,primary kaon,0,20,39.28879068724911,1,4.115233034379449
678,2,primary kaon,0,20,0.0,1,7.758561467876352
679,2,primary kaon,0,20,0.0,1,3.015861855257413
680,2,primary kaon,0,20,0.0,1,7.170416022399533
681,2,primary kaon,0,20,0.0,1,12.313876817543715
682,2,primary kaon,0,20,0.0,1,20.02265132844338
683,2,primary kaon,0,20,0.0,1,14.084752656962642
684,2,primary kaon,0,20,0.0,1,3.498472773925865
685,2,primary kaon,0,20,0.0,1,13.78246362044194
686,2,primary kaon,0,20,0.0,1,6.972235519221633
687,2,primary kaon,0,20,0.0,1,25.56016909145306
688,2,primary kaon,0,20,0.0,1,0.7671939109618332
689,2,primary kaon,0,20,0.0,1,0.14209785100015349
690,2,primary kaon,0,20,0.0,1,15.087114167214793
691,2,primary kaon,0,20,0.0,1,15.20181109682749
692,2,primary kaon,0,20,0.0,1,28.397532579207137
693,2,primary kaon,0,20,89.96860035712508,1,2.85031472960414
694,2,primary kaon,0,20,0.0,1,0.27030173909693156
695,2,primary kaon,0,20,0.0,1,26.164141819336407
696,2,primary kaon,0,20,0.0,1,0.49956354351537385
697,2,primary kaon,0,20,0.0,1,4.325053823672819
698,2,primary kaon,0,20,0.0,1,6.406624549692242
699,2,primary kaon,0,20,0.0,1,14.9985205033364
700,2,primary kaon,0,20,0.0,1,2.1667201367091455
701,2,primary kaon,0,20,0.0,1,8.743599031502644
702,2,primary kaon,0,20,0.0,1,17.410457314003807
703,2,primary kaon,0,20,0.0,1,2.986883058397579
704,2,primary kaon,0,20,0.0,1,3.3139610456659407
705,2,primary kaon,0,20,0.0,1,31.67300400924843
706,2,primary kaon,0,20,0.0,1,12.591346355453489
707,2,primary kaon,0,20,0.0,1,25.256328142360722
708,2,primary kaon,0,20,0.0,1,0.8631539362563297
709,2,primary kaon,0,20,0.0,1,19.024815086285592
710,2,primary kaon,0,20,0.0,1,13.162385080013209
711,2,primary kaon,0,20,0.0,1,1.8533838295548986
712,2,primary kaon,0,20,0.0,1,2.7236771173862357
713,2,primary kaon,0,20,0.0,1,2.7166460869316005
714,2,primary kaon,0,20,0.0,1,5.704588497891872
715,2,primary kaon,0,20,0.0,1,1.8688134374885585
716,2,primary kaon,0,20,0.0,1,4.95257008339521
717,5,daughter kaon,2,20,0.0,1,2.5261852668510243
717,2,primary kaon,0,-2,0.0,0,3.479176611557049
718,2,primary kaon,0,20,18.502212864206136,1,3.544104260834285
719,2,primary kaon,0,20,77.79980341462695,1,11.376897127815266
720,2,primary kaon,0,20,0.0,1,16.520802073850437
721,2,primary kaon,0,20,0.0,1,13.687131528585484
722,2,primary kaon,0,20,0.0,1,4.468437703405677
723,2,primary kaon,0,20,0.0,1,5.912769902601083
724,2,primary kaon,0,20,0.0,1,5.3833010379464135
725,2,primary kaon,0,20,0.0,1,14.40550872651729
726,2,primary kaon,0,20,0.0,1,7.312394403558442
727,2,primary kaon,0,20,0.0,1,4.5233147313071385
728,2,primary kaon,0,20,0.0,1,18.76348210289903
729,2,primary kaon,0,20,0.0,1,2.329422434996673
730,2,primary kaon,0,20,0.0,1,11.923995137489296
731,2,primary kaon,0,20,0.0,1,6.356875422388228
732,13,daughter kaon,2,20,0.0,1,0.11130826467625772
732,2,primary kaon,0,-2,0.0,0,25.271635140739935
733,2,primary kaon,0,20,0.0,1,0.1661851412781078
734,2,primary kaon,0,20,0.0,1,1.021074659886885
735,2,primary kaon,0,20,0.0,1,7.675276617805642
736,2,primary kaon,0,20,0.0,1,0.708700927129513
737,2,primary kaon,0,20,0.0,1,12.412650547080961
738,2,primary kaon,0,20,0.0,1,7.6720306877308975
739,2,primary kaon,0,20,0.0,1,11.285976754964587
740,2,primary kaon,0,20,0.0,1,6.1284621652763125
741,2,primary kaon,0,20,0.0,1,0.22650051029587615
742,2,primary kaon,0,20,0.0,1,1.3555658612157964
743,2,primary kaon,0,20,0.0,1,12.121980354412743
744,2,primary kaon,0,20,0.0,1,3.014535311647508
745,2,primary kaon,0,20,0.0,1,0.48208573896350193
746,2,primary kaon,0,20,0.0,1,2.195159847366712
747,2,primary kaon,0,20,0.0,1,23.267447505632475
748,2,primary kaon,0,20,0.0,1,12.542419525158905
749,2,primary kaon,0,20,0.0,1,0.29331838084247913
750,2,primary kaon,0,20,0.0,1,28.200301301932488
751,2,primary kaon,0,20,0.0,1,0.42761315918785897
752,2,primary kaon,0,20,0.0,1,24.593038607581047
753,2,primary kaon,0,20,0.0,1,29.627343110888642
754,2,primary kaon,0,20,122.33070491764737,1,5.02647831195182
755,2,primary kaon,0,20,0.0,1,31.56180981772258
756,2,primary kaon,0,20,0.0,1,14.04491793786375
757,2,primary kaon,0,20,0.0,1,0.7389127573329657
758,2,primary kaon,0,20,0.0,1,0.2858357360778298
759,2,primary kaon,0,20,0.0,1,26.973882657384884
760,2,primary kaon,0,20,0.0,1,9.657802287165916
761,2,primary kaon,0,20,0.0,1,15.316910307509833
762,2,primary kaon,0,20,0.0,1,21.25894073255198
763,2,primary kaon,0,20,0.0,1,13.112200971958737
764,2,primary kaon,0,20,0.0,1,11.468714369334792
765,2,primary kaon,0,20,0.0,1,6.096635899511619
766,2,primary kaon,0,20,0.0,1,17.425521599881687
767,2,primary kaon,0,20,0.0,1,22.569861418495368
768,2,primary kaon,0,20,0.0,1,32.630112983344894
769,2,primary kaon,0,20,0.0,1,36.93068389899447
770,2,primary kaon,0,20,0.0,1,0.9170945219426201
771,2,primary kaon,0,20,0.0,1,19.69830857106698
772,2,primary kaon,0,20,0.0,1,18.84266061798608
773,2,primary kaon,0,20,0.0,1,4.1472537520327695
774,2,primary kaon,0,20,0.0,1,19.016512083616373
775,2,primary kaon,0,20,0.0,1,6.8800682618265565
776,2,primary kaon,0,20,0.0,1,14.445849760025101
777,2,primary kaon,0,20,0.0,1,17.543569169464384
778,2,primary kaon,0,20,0.0,1,2.6320742372832178
779,2,primary kaon,0,20,0.0,1,8.382363411077778
780,2,primary kaon,0,20,0.0,1,8.605675305820771
781,2,primary kaon,0,20,0.0,1,0.8436364923580767
782,2,primary kaon,0,20,0.0,1,23.17481061579755
783,2,primary kaon,0,20,0.0,1,5.850644465513541
784,2,primary kaon,0,20,0.0,1,9.992864175464023
785,2,primary kaon,0,20,0.0,1,4.52912025453121
786,2,primary kaon,0,20,0.0,1,0.14156014605376122
787,2,primary kaon,0,20,0.0,1,0.9529873156812136
788,2,primary kaon,0,20,11.14375105104529,1,19.952416751978724
789,2,primary kaon,0,20,0.0,1,4.252882327992021
790,2,primary kaon,0,20,0.0,1,36.69709118001236
791,2,primary kaon,0,20,0.0,1,5.359492206239754
792,2,primary kaon,0,20,0.0,1,29.613379151032316
793,2,primary kaon,0,20,0.0,1,2.3598917095871346
794,2,primary kaon,0,20,0.0,1,30.089743166207864
795,2,primary kaon,0,20,0.0,1,9.72619369524851
796,2,primary kaon,0,20,0.0,1,9.183946269356177
797,2,primary kaon,0,20,0.0,1,1.0283205779517954
798,2,primary kaon,0,20,0.0,1,1.0084953145207298
799,7,daughter kaon,2,20,0.0,1,0.1622571740565309
799,2,primary kaon,0,-2,0.0,0,7.415607095558485
800,2,primary kaon,0,20,0.0,1,7.538382065086309
801,2,primary kaon,0,20,0.0,1,2.5503699651137395
802,2,primary kaon,0,20,0.0,1,0.04141276112834796
803,2,primary kaon,0,20,0.0,1,21.136169162064327
804,2,primary kaon,0,20,0.0,1,0.9247385325322218
805,2,primary kaon,0,20,0.0,1,2.1209621787541093
806,2,primary kaon,0,20,0.0,1,10.758602928795861
807,2,primary kaon,0,20,0.0,1,6.9569897518530155
808,2,primary kaon,0,20,0.0,1,4.444142449598445
809,2,primary kaon,0,20,0.0,1,8.298806891723364
810,2,primary kaon,0,20,0.0,1,0.6961409866526275
811,4,daughter kaon,2,20,0.0,1,0.007057274953758577
811,2,primary kaon,0,-2,0.0,0,5.423418485267496
812,2,primary kaon,0,20,0.0,1,4.37695903319304
813,2,primary kaon,0,20,0.0,1,3.4877958887141407
814,3,daughter kaon,2,20,0.0,1,0.7178141617085899
814,2,primary kaon,0,-2,0.0,0,3.5792661850758374
815,2,primary kaon,0,20,0.0,1,17.835291765698457
816,2,primary kaon,0,20,0.0,1,9.422291809169339
817,2,primary kaon,0,20,0.0,1,7.178554671927192
818,2,primary kaon,0,20,0.0,1,12.434088581650322
819,5,daughter kaon,2,20,0.0,1,0.037871896851180184
819,2,primary kaon,0,-2,0.0,0,3.7386126149917898
820,2,primary kaon,0,20,0.0,1,5.584313435152486
821,2,primary kaon,0,20,0.0,1,0.6287916892313902
822,2,primary kaon,0,20,0.0,1,8.377702555110364
823,2,primary kaon,0,20,116.65011584647236,1,20.71751471710856
824,2,primary kaon,0,20,0.0,1,14.23240592013408
825,2,primary kaon,0,20,0.0,1,7.045345783205834
826,2,primary kaon,0,20,0.0,1,11.315532973362977
827,2,primary kaon,0,20,0.0,1,10.154234998954433
828,2,primary kaon,0,20,0.0,1,13.105937397017389
829,2,primary kaon,0,20,0.0,1,13.960814200155014
830,2,primary kaon,0,20,0.0,1,21.60574056230226
831,2,primary kaon,0,20,0.0,1,3.5807731302161483
832,2,primary kaon,0,20,0.0,1,6.7025195240957025
833,2,primary kaon,0,20,0.0,1,12.277537398395413
834,2,primary kaon,0,20,0.0,1,16.28206758369561
835,2,primary kaon,0,20,0.0,1,8.872398351892354
836,2,primary kaon,0,20,0.0,1,22.87261464161911
837,2,primary kaon,0,20,0.0,1,0.13806700505584185
838,2,primary kaon,0,20,0.0,1,16.69732495705466
839,2,primary kaon,0,20,0.0,1,40.88127603432736
840,2,primary kaon,0,20,0.0,1,0.9386523788000307
841,2,primary kaon,0,20,0.0,1,18.16927836038469
842,2,primary kaon,0,20,0.0,1,12.2769871183218
843,2,primary kaon,0,20,0.0,1,9.943205767718398
844,2,primary kaon,0,20,0.0,1,12.682446204130198
845,2,primary kaon,0,20,0.0,1,32.53545555631152
846,2,primary kaon,0,20,0.0,1,7.6645203842685214
847,2,primary kaon,0,20,0.0,1,3.000557848679534
848,2,primary kaon,0,20,0.0,1,2.2152527126526644
849,2,primary kaon,0,20,0.0,1,36.62175705195354
850,2,primary kaon,0,20,0.0,1,14.246479735449501
851,2,primary kaon,0,20,0.0,1,11.681472293378214
852,2,primary kaon,0,20,0.0,1,0.5331406482405324
853,2,primary kaon,0,20,0.0,1,9.040824966968751
854,2,primary kaon,0,20,0.0,1,14.720502448566265
855,2,primary kaon,0,20,0.0,1,15.22843028831733
856,2,primary kaon,0,20,0.0,1,4.976012691015982
857,2,primary kaon,0,20,0.0,1,9.859645592548024
858,2,primary kaon,0,20,0.0,1,9.557674834441448
859,2,primary kaon,0,20,0.0,1,1.5767531045146395
860,2,primary kaon,0,20,0.0,1,11.15822913319054
861,2,primary kaon,0,20,0.0,1,0.4302461040225098
862,2,primary kaon,0,20,0.0,1,7.360888504770174
863,2,primary kaon,0,20,0.0,1,3.409970554599336
864,2,primary kaon,0,20,0.0,1,0.039146889633693185
865,2,primary kaon,0,20,0.0,1,18.597394620381095
866,2,primary kaon,0,20,0.0,1,25.876312370894265
867,2,primary kaon,0,20,0.0,1,22.844060466972415
868,2,primary kaon,0,20,0.0,1,6.353014164526547
869,2,primary kaon,0,20,0.0,1,0.1793699643766852
870,2,primary kaon,0,20,0.0,1,3.784326554479587
871,8,daughter kaon,2,20,0.0,1,0.0007336675274203159
871,2,primary kaon,0,-2,0.0,0,13.274017006763174
872,2,primary kaon,0,20,0.0,1,15.665376257067635
873,2,primary kaon,0,20,0.0,1,7.532423666860564
874,2,primary kaon,0,20,0.0,1,26.40398587644827
875,2,primary kaon,0,20,0.0,1,17.289935386093997
876,2,primary kaon,0,20,0.0,1,14.484045349400148
877,2,primary kaon,0,20,0.0,1,0.7069513956461407
878,2,primary kaon,0,20,0.0,1,3.5971791089625027
879,2,primary kaon,0,20,0.0,1,18.655293181179317
880,2,primary kaon,0,20,0.0,1,7.072651105423002
881,2,primary kaon,0,20,0.0,1,8.053296920978397
882,2,primary kaon,0,20,0.0,1,31.607031048264187
883,2,primary kaon,0,20,0.0,1,26.41631233598311
884,2,primary kaon,0,20,0.0,1,5.437600554005151
885,2,primary kaon,0,20,0.0,1,0.9737431923386302
886,2,primary kaon,0,20,0.0,1,12.00384937591128
887,2,primary kaon,0,20,0.0,1,10.206383846625457
888,2,primary kaon,0,20,0.0,1,11.216407655244309
889,13,daughter kaon,2,20,0.0,1,0.021358359587382192
889,2,primary kaon,0,-2,0.0,0,21.335924538150863
890,2,primary kaon,0,20,0.0,1,5.473644182994381
891,2,primary kaon,0,20,0.0,1,3.906497448785754
892,2,primary kaon,0,20,0.0,1,30.983506672841173
893,2,primary kaon,0,20,0.0,1,7.176718151273697
894,2,primary kaon,0,20,0.0,1,1.7918249262500288
895,2,primary kaon,0,20,0.0,1,4.589059777547302
896,7,daughter kaon,2,20,0.0,1,0.0059632838200290635
896,2,primary kaon,0,-2,0.0,0,19.71743659090899
897,2,primary kaon,0,20,0.0,1,11.943568446740965
898,2,primary kaon,0,20,0.0,1,11.718828728847512
899,2,primary kaon,0,20,0.0,1,4.121326019856562
900,2,primary kaon,0,20,0.0,1,3.193832026204333
901,2,primary kaon,0,20,0.0,1,3.749758387501049
902,2,primary kaon,0,20,0.0,1,17.5830650422269
903,2,primary kaon,0,20,0.0,1,28.364312630624458
904,2,primary kaon,0,20,0.0,1,3.8899464867512865
905,2,primary kaon,0,20,0.0,1,9.86632423724474
906,2,primary kaon,0,20,0.0,1,4.78663908758432
907,2,primary kaon,0,20,0.0,1,10.35813043999344
908,2,primary kaon,0,20,0.0,1,12.640907305106982
909,2,primary kaon,0,20,0.0,1,3.307806202971402
910,2,primary kaon,0,20,0.0,1,3.763973841391546
911,2,primary kaon,0,20,0.0,1,28.754304607505084
912,2,primary kaon,0,20,0.0,1,1.0296307484196645
913,2,primary kaon,0,20,0.0,1,13.525716249649772
914,2,primary kaon,0,20,0.0,1,1.363521364163018
915,2,primary kaon,0,20,0.0,1,21.131745893329228
916,2,primary kaon,0,20,0.0,1,25.74475433965576
917,2,primary kaon,0,20,0.0,1,5.665389691717921
918,2,primary kaon,0,20,0.0,1,29.258660302951593
919,2,primary kaon,0,20,0.0,1,16.385942100254837
920,2,primary kaon,0,20,0.0,1,20.228008920843312
921,2,primary kaon,0,20,0.0,1,3.0140279388178297
922,2,primary kaon,0,20,0.0,1,3.1667121979839203
923,2,primary kaon,0,20,0.0,1,1.4514915855197967
924,2,primary kaon,0,20,0.0,1,10.263332658335194
925,2,primary kaon,0,20,0.0,1,7.350486276410764
926,2,primary kaon,0,20,0.0,1,25.957055522275
927,2,primary kaon,0,20,0.0,1,1.3671088106787022
928,2,primary kaon,0,20,0.0,1,19.313310388346906
929,2,primary kaon,0,20,0.0,1,25.96446527994319
930,2,primary kaon,0,-2,0.0,0,20.285722008155716
931,2,primary kaon,0,20,0.0,1,11.200344481381475
932,2,primary kaon,0,20,117.60066164787126,1,2.125260186783252
933,2,primary kaon,0,20,34.89143425981058,1,19.098182814224394
934,5,daughter kaon,2,20,0.0,1,0.5797643461685746
934,2,primary kaon,0,-2,0.0,0,3.1676421124901615
935,2,primary kaon,0,20,0.0,1,19.117067659445258
936,2,primary kaon,0,20,0.0,1,16.151911522910964
937,2,primary kaon,0,20,0.0,1,15.288219839319826
938,2,primary kaon,0,20,0.0,1,11.445127164657036
939,2,primary kaon,0,20,0.0,1,4.436214449796295
940,2,primary kaon,0,20,0.0,1,17.86942291279024
941,2,primary kaon,0,20,0.0,1,12.39072771358496
942,2,primary kaon,0,20,0.0,1,9.877060033336962
943,2,primary kaon,0,20,0.0,1,7.997807991439889
944,2,primary kaon,0,20,0.0,1,13.724922100051085
945,2,primary kaon,0,20,0.0,1,1.2643853807339507
946,2,primary kaon,0,20,0.0,1,11.68587806215166
947,2,primary kaon,0,20,0.0,1,8.399951701596576
948,2,primary kaon,0,20,55.93753646294054,1,6.150166200117731
949,2,primary kaon,0,20,0.0,1,13.568635010568004
950,2,primary kaon,0,20,0.0,1,20.54012869105326
951,2,primary kaon,0,20,0.0,1,4.178821999891648
952,2,primary kaon,0,20,0.0,1,27.278343117165218
953,2,primary kaon,0,20,0.0,1,20.86538106740374
954,2,primary kaon,0,20,0.0,1,11.081318186219894
955,2,primary kaon,0,20,0.0,1,18.548019071542537
956,2,primary kaon,0,20,0.0,1,4.064218815432691
957,5,daughter kaon,2,20,0.0,1,0.018836033833923568
957,2,primary kaon,0,-2,0.0,0,2.1426111957923153
958,2,primary kaon,0,20,0.0,1,10.891660201233593
959,2,primary kaon,0,20,0.0,1,0.47489489581516453
960,2,primary kaon,0,20,0.0,1,4.217967428758342
961,2,primary kaon,0,20,0.0,1,20.881226642682446
962,2,primary kaon,0,20,0.0,1,6.578908627142557
963,2,primary kaon,0,20,0.0,1,7.823850069911868
964,2,primary kaon,0,20,0.0,1,18.01086232326228
965,2,primary kaon,0,20,0.0,1,2.458180896896362
966,2,primary kaon,0,20,0.0,1,20.529707088406003
967,2,primary kaon,0,20,0.0,1,10.137233083069018
968,2,primary kaon,0,20,0.0,1,13.754968173696533
969,2,primary kaon,0,20,0.0,1,13.71011767122619
970,2,primary kaon,0,20,0.0,1,12.931961749146453
971,2,primary kaon,0,20,0.0,1,11.087678092111746
972,2,primary kaon,0,20,0.0,1,3.79980983346891
973,2,primary kaon,0,20,0.0,1,11.951494510554912
974,2,primary kaon,0,20,0.0,1,0.016365580577316727
975,2,primary kaon,0,20,0.0,1,19.471153964279488
976,2,primary kaon,0,20,0.0,1,11.085978719397763
977,2,primary kaon,0,20,0.0,1,1.9260269246102524
978,2,primary kaon,0,20,116.76873477557412,1,2.057078870851556
979,2,primary kaon,0,20,0.0,1,19.35296550644905
980,9,daughter kaon,2,20,0.0,1,0.0012140654888258813
980,2,primary kaon,0,-2,0.0,0,6.077735795407707
981,2,primary kaon,0,20,0.0,1,0.9330242904265172
982,2,primary kaon,0,20,0.0,1,3.0059935227000274
983,2,primary kaon,0,20,0.0,1,25.54441655299001
984,2,primary kaon,0,20,0.0,1,6.106927483620227
985,2,primary kaon,0,20,0.0,1,6.5352996020841445
986,2,primary kaon,0,20,163.25841388625784,1,9.611385070068312
987,2,primary kaon,0,20,0.0,1,2.400409825339995
988,2,primary kaon,0,20,0.0,1,1.7465719766070176
989,2,primary kaon,0,20,0.0,1,8.873850961572941
990,2,primary kaon,0,20,0.0,1,0.15819115320211125
991,2,primary kaon,0,20,0.0,1,9.360441729388675
992,2,primary kaon,0,20,0.0,1,23.796769332900787
993,2,primary kaon,0,20,0.0,1,6.879452226802377
994,2,primary kaon,0,20,65.90295917770568,1,11.570437677685819
995,2,primary kaon,0,20,0.0,1,4.206485205515452
996,2,primary kaon,0,20,0.0,1,23.887386426413986
997,2,primary kaon,0,20,0.0,1,24.669063193026755
998,2,primary kaon,0,20,0.0,1,1.221643478836948
999,2,primary kaon,0,20,0.0,1,1.5301913192000554
