event,track_id,particle_type,particle_label,pdg,parent_track_id,n_g4_steps,total_energy_MeV,inside_energy_MeV,outside_energy_MeV,outside_percent,track_length_cm,pc1_explained_variance,pc2_explained_variance,pc3_explained_variance,pc1_pc2_explained_variance,pc1_pc2_explained_variance_percent,pc1_low_cm,pc1_high_cm,pc2_low_cm,pc2_high_cm,particle_initial_energy_MeV,particle_final_kinetic_energy_MeV,particle_decay_flag,endpoint_status
40,3,secondary_k_plus,Secondary K+,321,2,17,14.198682329505344,13.4117179885003,0.7869643410050444,5.5425167120593,0.3940939632331062,0.9993000707088748,0.0006949771328854914,4.952158239591478e-06,0.9999950478417603,99.99950478417603,-0.22448608083811317,0.14149281616954273,-0.0038454204180401958,0.005565995785020793,507.8756823295053,0.0,1,Decay at rest
51,8,secondary_k_plus,Secondary K+,321,2,28,29.322006451970875,27.607562265414,1.7144441865568756,5.8469538548295334,1.4766374938902316,0.9997700431893735,0.00021347381043269808,1.648300019378291e-05,0.9999835169998061,99.99835169998062,-0.8736270218896255,0.5193841185429285,-0.010273251631527043,0.009402423369076457,522.999006451971,0.0,1,Decay at rest
57,7,secondary_k_plus,Secondary K+,321,2,50,82.36160519088963,72.732267789596,9.629337401293647,11.69153682589808,8.855592375772463,0.9998697470013972,0.00012150873782063476,8.744260782177355e-06,0.9999912557392179,99.99912557392179,-3.2337775027077877,5.011674737268708,-0.08015583357530277,0.04219950816141394,576.0386051908896,0.0,1,Decay at rest
80,6,secondary_k_plus,Secondary K+,321,2,35,40.70887786376949,40.23659505623673,0.4722828075327598,1.160146956428605,2.6525826527269785,0.9995669480660045,0.0004176769708980253,1.5374963097427955e-05,0.9999846250369026,99.99846250369025,-1.5643949538716115,0.9428622183346212,-0.0261003359844324,0.03148275104107254,534.3858778637693,0.0,1,Decay at rest
105,7,secondary_k_plus,Secondary K+,321,2,36,43.719763946383004,39.61185392442814,4.107910021954866,9.396002290846583,2.9324174188740546,0.9994661501870418,0.000527458298096651,6.391514861584531e-06,0.9999936084851384,99.99936084851385,-1.05638718437149,1.6686891694834205,-0.027469134517913687,0.042145948311975795,537.396763946383,0.0,1,Decay at rest
115,6,secondary_k_plus,Secondary K+,321,2,40,59.249823049089,55.86501081982264,3.384812229266357,5.712780317439953,5.157202024935776,0.9990679520159901,0.000890033240451667,4.2014743558317295e-05,0.9999579852564418,99.99579852564418,-3.021499354060138,1.8574225512225777,-0.08546910898182086,0.05955314557444756,552.926823049089,0.0,1,Decay at rest
140,9,secondary_k_plus,Secondary K+,321,2,16,11.251566263183632,10.059180899499548,1.1923853636840833,10.59750558982797,0.27282812539801676,0.9992485441260419,0.0007431093894748588,8.346484483278179e-06,0.9999916535155168,99.99916535155168,-0.1568517970620621,0.0942690741488746,-0.0032576667584428383,0.003098246852118517,504.9285898024627,0.0,1,Decay at rest
161,6,secondary_k_plus,Secondary K+,321,2,7,5.751608840669462,4.716671687953558,1.034937152715904,17.993872347470724,0.08135512743547274,0.9995206226854368,0.0004599175930075303,1.945972155547148e-05,0.9999805402784444,99.99805402784445,-0.04224856165858616,0.027793291342718594,-0.0007201712206087375,0.0007311890609769446,499.4286088406694,0.0,1,Decay at rest
186,5,secondary_k_plus,Secondary K+,321,2,33,36.392583375754896,32.54260268895059,3.8499806868043094,10.579025531254825,2.151303694700769,0.9969943801511452,0.0029584469701911423,4.717287866371879e-05,0.9999528271213363,99.99528271213363,-0.7730888239285707,1.2162436192699855,-0.0704288559796488,0.04162638422124833,530.069583375755,0.0,1,Decay at rest
188,4,secondary_k_plus,Secondary K+,321,2,3,1.718383768912247,0.7240241690495055,0.9943595998627415,57.86597952401403,0.01079172783797868,0.9999246050243497,7.539497565015603e-05,1.6976987023442185e-16,0.9999999999999998,99.99999999999997,-0.004404555079541872,0.0022686363389273555,-8.524364816328224e-06,6.672905060627955e-05,495.3953837689122,0.0,1,Decay at rest
189,3,secondary_k_plus,Secondary K+,321,2,5,3.8300137735994317,3.3577593704003226,0.4722544031991094,12.33035782937372,0.041998753047340506,0.9995602802733768,0.000438394875897067,1.3248507261766769e-06,0.9999986751492739,99.99986751492739,-0.01998966967102462,0.01463543264530206,-0.0002856231072639989,0.00031951856204599343,497.5070137735994,0.0,1,Decay at rest
192,7,secondary_k_plus,Secondary K+,321,2,15,11.60152556088616,10.687943918509925,0.9135816423762352,7.874668185504158,0.28287939665671846,0.9996025808792319,0.0003471711364330882,5.024798433497817e-05,0.999949752015665,99.9949752015665,-0.1032734880546678,0.15507645937940018,-0.0024783099551014104,0.00298363562200057,505.2785255608861,0.0,1,Decay at rest
292,9,secondary_k_plus,Secondary K+,321,2,32,36.06730134835772,33.3894649978194,2.677836350538312,7.42455423729739,2.133479226019893,0.9994191339381323,0.0005704870840699781,1.0378977797637874e-05,0.9999896210222022,99.99896210222022,-1.2534071235521813,0.7602281504566016,-0.028860625615390278,0.017383741135279303,529.7443013483577,0.0,1,Decay at rest
340,6,secondary_k_plus,Secondary K+,321,2,40,60.10351992106057,56.23389021156894,3.869629709491627,6.438274687695437,5.247515739710835,0.999929869609111,3.996292043037299e-05,3.016747045858821e-05,0.9999698325295414,99.99698325295414,-3.1077488227278036,1.86484087098661,-0.013526510262051204,0.018099063519291345,553.7805199210605,0.0,1,Decay at rest
363,6,secondary_k_plus,Secondary K+,321,2,5,2.8760349835822008,1.9336260608758762,0.9424089227063247,32.767644624841175,0.02537124763357458,0.9999864042983578,1.3116954704584195e-05,4.787469375745964e-07,0.9999995212530625,99.99995212530625,-0.010133694902670819,0.008242549688658169,-8.154149045546118e-05,3.389977576787585e-05,496.55303498358217,0.0,1,Decay at rest
365,6,secondary_k_plus,Secondary K+,321,2,11,8.24550025016174,6.769934261313824,1.4755659888479162,17.8954089391844,0.1590820938294402,0.9994195998175684,0.0005760776072220428,4.322575209655532e-06,0.9999956774247905,99.99956774247904,-0.08824865553016671,0.056376704727383785,-0.0025125154682046277,0.0014371277937005288,501.9225002501617,0.0,1,Decay at rest
456,7,secondary_k_plus,Secondary K+,321,2,21,17.973923474366813,16.273180654789964,1.7007428195768504,9.46227918463286,0.6184223693585928,0.9986723753540819,0.0012677644405162858,5.9860205401721855e-05,0.9999401397945982,99.99401397945982,-0.22081809527689683,0.3483415826404202,-0.009224207886027957,0.011155437376654443,511.6509234743668,0.0,1,Decay at rest
471,8,secondary_k_plus,Secondary K+,321,2,46,74.66932469926205,70.19279503003712,4.476529669224937,5.995138816715692,7.629277830996242,0.9998843535506017,7.665159915494348e-05,3.899485024336751e-05,0.9999610051497566,99.99610051497567,-4.453663228690402,2.774879402566301,-0.03832912143412706,0.025929705745705786,568.3463246992621,0.0,1,Decay at rest
477,22,secondary_k_plus,Secondary K+,321,2,3,1.526083984638717,0.0,1.526083984638717,100.0,0.008733588899638052,0.9999996469470092,3.5305299084341606e-07,8.005148913246186e-17,1.0,100.0,-0.0013923179495897232,0.0028682091473597867,-2.1874701844896357e-07,1.18588262564328e-08,495.2030839846387,0.0,1,Decay at rest
481,3,secondary_k_plus,Secondary K+,321,2,36,42.71887167507402,38.83161662139071,3.887255053683309,9.09962014739139,2.8548390295125614,0.9997231122196172,0.0002685849070860353,8.3028732967219e-06,0.9999916971267032,99.99916971267032,-1.0392460250106708,1.6199547571583595,-0.017424713026564388,0.026724120678564847,536.395871675074,0.0,1,Decay at rest
489,7,secondary_k_plus,Secondary K+,321,2,34,36.85634160783911,33.21251671816309,3.6438248896760284,9.886561527042634,2.189858485166411,0.9994437896401592,0.00043075782296888394,0.00012545253687181682,0.9998745474631281,99.9874547463128,-1.2842487247226204,0.7816296152012496,-0.019077857746748885,0.021912914411315074,530.5333416078389,0.0,1,Decay at rest
509,8,secondary_k_plus,Secondary K+,321,2,8,5.862538942065498,4.988683867502157,0.8738550745633415,14.905744476905149,0.08434674278298497,0.9989091720286032,0.0010743278075677435,1.650016382917715e-05,0.999983499836171,99.99834998361709,-0.04400588456778028,0.029126619580614164,-0.001681117524892913,0.001127468343170298,499.53953894206546,0.0,1,Decay at rest
553,3,secondary_k_plus,Secondary K+,321,2,35,43.49276902069817,39.5035615419228,3.9892074787753717,9.172116580751416,2.9269325321637445,0.9996609470789597,0.0003156576257852006,2.3395295255143538e-05,0.9999766047047449,99.99766047047449,-1.0511564280251515,1.670781760300832,-0.018100100718366454,0.032934976510257834,537.1697690206981,0.0,1,Decay at rest
557,326,secondary_k_plus,Secondary K+,321,2,9,6.100250122912031,5.1931106641727895,0.907139458739241,14.870528920315918,0.09274085350778782,0.9988516153367607,0.001128490646462411,1.989401677684319e-05,0.9999801059832231,99.99801059832231,-0.04921730473645056,0.03367506440938512,-0.0014340266167846099,0.0010977174149045072,499.777250122912,0.0,1,Decay at rest
579,5,secondary_k_plus,Secondary K+,321,2,28,27.79956755383324,26.48689505351268,1.3126725003205588,4.721916978667377,1.3345105720775658,0.9991942475082382,0.0007930648808084568,1.2687610953492474e-05,0.9999873123890466,99.99873123890465,-0.7772437485934066,0.4785332659125298,-0.0181626642758678,0.01678341432277612,521.4765675538332,0.0,1,Decay at rest
584,3,secondary_k_plus,Secondary K+,321,2,23,20.700265664240934,19.192662921003254,1.5076027432376788,7.28301156946993,0.8102026843795396,0.9978692101082483,0.0020686403537276423,6.214953802409766e-05,0.9999378504619759,99.99378504619759,-0.47926242180830675,0.2801145028225468,-0.01942378163195217,0.014559040178847162,514.3772656642409,0.0,1,Decay at rest
598,3,secondary_k_plus,Secondary K+,321,2,20,14.598647112559034,13.33812284082207,1.2605242717369638,8.634527994395798,0.4250170510090784,0.9998469568552779,0.00013993433417515148,1.310881054680622e-05,0.999986891189453,99.99868911894531,-0.15575771622584794,0.2360154859166573,-0.0021861906737480987,0.002594778955568732,508.275647112559,0.0,1,Decay at rest
671,8,secondary_k_plus,Secondary K+,321,2,28,26.240098121321292,23.614373239749487,2.625724881571806,10.006536063362825,1.241622581417567,0.9996241587802337,0.00027295013010274026,0.00010289108966336983,0.9998971089103365,99.98971089103364,-0.4351913692518813,0.7176670230030265,-0.010876171359181548,0.0065592996319552175,519.9170981213214,0.0,1,Decay at rest
717,5,secondary_k_plus,Secondary K+,321,2,34,39.58491979257564,35.85059816406106,3.7343216285145773,9.43369760020322,2.5261852668510243,0.9988350461585814,0.0011201401028947944,4.4813738523900684e-05,0.9999551862614762,99.99551862614761,-1.4744810586162045,0.9099123830787,-0.037395170435225535,0.03702553822231631,533.2619197925758,0.0,1,Decay at rest
732,13,secondary_k_plus,Secondary K+,321,2,9,6.774935883772116,5.443441706457281,1.331494177314835,19.653236579022682,0.1113082646762577,0.9998662850496991,0.00011600972097443771,1.7705229326443903e-05,0.9999822947706736,99.99822947706735,-0.0600437073549546,0.0396926588780329,-0.00046809717173023827,0.000478214211197451,500.45193588377225,0.0,1,Decay at rest
799,7,secondary_k_plus,Secondary K+,321,2,11,8.391378677067564,6.842743163983332,1.5486355130842318,18.45507839273695,0.16225717405653092,0.9999433280271178,3.4846102635087046e-05,2.1825870247184216e-05,0.9999781741297529,99.99781741297528,-0.09044663988646383,0.05717386835543729,-0.0005008888254444461,0.00034542008696177376,502.0683786770675,0.0,1,Decay at rest
811,4,secondary_k_plus,Secondary K+,321,2,3,1.3061278523142617,1.2199437362408794,0.0861841160733823,6.5984440895795196,0.007057274953758577,0.9999383605070109,6.163949298905469e-05,1.587800593876323e-17,1.0,100.0,-0.000693965166575894,0.003055749159781442,-1.9210297661770148e-05,2.8813468369428734e-05,494.9831278523142,0.0,1,Decay at rest
814,3,secondary_k_plus,Secondary K+,321,2,23,19.705843316310172,18.264948586390517,1.4408947299196537,7.3120175918939285,0.71781416170859,0.9996089569770009,0.0003542942538332308,3.6748769165784695e-05,0.9999632512308342,99.99632512308342,-0.41712101844969646,0.2571961563950724,-0.006167086069303694,0.0051848050380357506,513.3828433163104,0.0,1,Decay at rest
819,5,secondary_k_plus,Secondary K+,321,2,5,3.6236155783170143,2.7787593490911027,0.8448562292259116,23.315283063726767,0.03787189685118019,0.9997910388646535,0.00019414010889982336,1.4821026446736373e-05,0.9999851789735533,99.99851789735533,-0.014256818259022312,0.016837710465423424,-0.00020279436138220285,0.0002121227939864995,497.300615578317,0.0,1,Decay at rest
871,8,secondary_k_plus,Secondary K+,321,2,3,0.2956838395593876,0.2766297037260998,0.0190541358332878,6.444091047275788,0.0007336675274203159,0.9998414573799671,0.00015854262003296636,0.0,1.0,100.0,-2.3305293859802792e-05,0.0003315407608357496,-1.075321218794162e-05,1.5060291792496218e-06,493.97268383955935,0.0,1,Decay at rest
889,13,secondary_k_plus,Secondary K+,321,2,5,2.5812729333692914,1.0264764330709568,1.5547965002983346,60.23371183259127,0.021358359587382195,0.9999253913382398,7.455564180087885e-05,5.301995933670008e-08,0.9999999469800407,99.99999469800407,-0.008328794014469622,0.007695147435235616,-6.53816027485103e-05,4.9139279267689735e-05,496.25827293336926,0.0,1,Decay at rest
896,7,secondary_k_plus,Secondary K+,321,2,3,1.1994412979713616,0.08743748760472769,1.1120038103666339,92.71014865399312,0.0059632838200290635,0.9999938482553391,6.151744660941246e-06,0.0,1.0,100.0,-0.0028165507477151417,0.00021904976056536535,-2.88264978104422e-06,2.2259706289774503e-06,494.8764412979713,0.0,1,Decay at rest
934,5,secondary_k_plus,Secondary K+,321,2,20,17.445582176657638,15.594354790090083,1.8512273865675555,10.611439433901587,0.5797643461685745,0.9995418042038381,0.0003953417190172358,6.285407714478574e-05,0.9999371459228553,99.99371459228553,-0.3350705520566197,0.20682008098391516,-0.0056636716425711294,0.005076762007961414,511.1225821766576,0.0,1,Decay at rest
957,5,secondary_k_plus,Secondary K+,321,2,3,2.371634678782982,0.7994705786760421,1.57216410010694,66.29031503763072,0.018836033833923568,0.9996863863428644,0.00031361365713559,2.3023892754294787e-17,1.0,100.0,-0.006735017479854267,0.00619717149248692,-0.00011722096694322939,9.732920852659928e-05,496.04863467878295,0.0,1,Decay at rest
980,9,secondary_k_plus,Secondary K+,321,2,4,0.3550830934001395,0.23676614929956308,0.1183169441005764,33.320917357010366,0.001214065488825881,0.9988677014364987,0.001124913280148049,7.385283353257435e-06,0.9999926147166468,99.99926147166468,-0.00022479439619718322,0.0005011332961594236,-4.102947532827652e-05,8.60049035648895e-06,494.0320830934001,0.0,1,Decay at rest
