scenario,target_train_kaon_efficiency,R_T_threshold,log10_R_T_threshold,validation_kaon_efficiency,validation_electron_rejection,validation_auc,n_train_kaons,n_validation_kaons,n_validation_electron_showers
charge_noise_10pct,0.9,0.0018503932891710468,-2.732735955292165,0.8872727272727273,0.9935465768799102,0.9954721456994184,659,275,14256
charge_noise_10pct,0.95,0.0023959821594246333,-2.6205164200441127,0.9345454545454546,0.9927749719416387,0.9954721456994184,659,275,14256
charge_noise_10pct,0.99,0.005650575089495228,-2.2479073494399726,0.9927272727272727,0.9892676767676768,0.9954721456994184,659,275,14256
combined_detector_effects,0.9,0.1760653365769602,-0.754326138724194,0.9157509157509157,0.9273246833487797,0.9670669151670078,652,273,12948
combined_detector_effects,0.95,0.3630736794071188,-0.44000523360589866,0.9523809523809523,0.8002780352177943,0.9670669151670078,652,273,12948
combined_detector_effects,0.99,0.9085110347305715,-0.041669793404386396,0.989010989010989,0.23810627123880135,0.9670669151670078,652,273,12948
electron_branch_loss_10pct,0.9,0.001875692648713568,-2.7268383236878777,0.8872727272727273,0.9936140350877193,0.9956608612440191,659,275,14250
electron_branch_loss_10pct,0.95,0.0023459851889017845,-2.6296747340783457,0.92,0.9927719298245614,0.9956608612440191,659,275,14250
electron_branch_loss_10pct,0.99,0.00574902439074322,-2.240405848817459,0.9927272727272727,0.9890526315789474,0.9956608612440191,659,275,14250
missing_charge_10pct,0.9,0.0017992176717959013,-2.7449162919400574,0.8836363636363637,0.9928984947896565,0.9948633381284867,652,275,12955
missing_charge_10pct,0.95,0.002315302446097416,-2.6353922694012373,0.9309090909090909,0.9922037823234272,0.9948633381284867,652,275,12955
missing_charge_10pct,0.99,0.0054976309091307445,-2.259824420459902,0.9927272727272727,0.9881898880741027,0.9948633381284867,652,275,12955
nominal_truth,0.9,0.001875692648713568,-2.7268383236878777,0.8872727272727273,0.9936167227833894,0.9954606672788491,659,275,14256
nominal_truth,0.95,0.0023459851889017845,-2.6296747340783457,0.92,0.9929854096520763,0.9954606672788491,659,275,14256
nominal_truth,0.99,0.00574902439074322,-2.240405848817459,0.9927272727272727,0.9891273849607183,0.9954606672788491,659,275,14256
position_smearing,0.9,0.14265179767906844,-0.845722751050856,0.9163636363636364,0.9473204264870931,0.9730346393225181,659,275,14256
position_smearing,0.95,0.30866484365379104,-0.5105128330272648,0.9527272727272728,0.9020061728395061,0.9730346393225181,659,275,14256
position_smearing,0.99,0.9477714468531933,-0.023296379262793467,0.9890909090909091,0.27146464646464646,0.9730346393225181,659,275,14256
qpix_xy_pixelized,0.9,0.02797140118309266,-1.5532857777885212,0.9018181818181819,0.1611952861952862,0.24211534537292112,659,275,14256
qpix_xy_pixelized,0.95,0.056389244438226,-1.2488037245020447,0.9454545454545454,0.1295594837261504,0.24211534537292112,659,275,14256
qpix_xy_pixelized,0.99,0.15057066343726938,-0.8222596360264508,0.9927272727272727,0.08270202020202021,0.24211534537292112,659,275,14256
