event,track_id,particle_type,particle_label,pdg,parent_track_id,n_g4_steps,total_energy_MeV,inside_energy_MeV,outside_energy_MeV,outside_percent,track_length_cm,pc1_explained_variance,pc2_explained_variance,pc3_explained_variance,pc1_pc2_explained_variance,pc1_pc2_explained_variance_percent,pc1_low_cm,pc1_high_cm,pc2_low_cm,pc2_high_cm,particle_initial_energy_MeV,particle_final_kinetic_energy_MeV,particle_decay_flag,endpoint_status,n_descendant_tracks
36,278,pion_minus,Pion-,-211,2,42,35.916362873903864,34.14100015649928,1.77536271740458,4.943047055286671,5.437011653630321,0.9973112863924287,0.0026685021816364994,2.0211425934859377e-05,0.9999797885740652,99.99797885740652,-3.1290930109100743,1.9874871760238413,-0.13403452399874383,0.1261790151433494,175.48646287390386,0.0,0,No decay recorded,
43,10,pion_minus,Pion-,-211,2,32,20.11319524114865,18.687216504607676,1.4259787365409746,7.08976728681891,2.0490654078165873,0.9985221474738826,0.0010062430286576984,0.00047160949745980485,0.9995283905025403,99.95283905025403,-1.1906286863577362,0.7356259480106189,-0.03479674628982138,0.027644042505664018,159.68329524114864,0.0,0,No decay recorded,
51,343,pion_minus,Pion-,-211,8,44,38.711738083427335,36.728384064529614,1.9833540188977243,5.123391811092065,6.218786315446825,0.9978115355190397,0.0021072694361274403,8.119504483301402e-05,0.9999188049551672,99.99188049551671,-3.589258884256224,2.257978764535385,-0.1554212229893848,0.1278324200837133,178.61483335363562,0.0,0,No decay recorded,
56,1463,pion_minus,Pion-,-211,2,31,19.23955095910983,17.855968200449574,1.3835827586602556,7.191346417599918,1.7879855908928073,0.9953664705701096,0.004048816310611048,0.0005847131192792304,0.9994152868807207,99.94152868807207,-1.016833525577482,0.6484076829360442,-0.05731618692713837,0.04931874071454482,158.80965095910983,0.0,0,No decay recorded,
63,370,pion_minus,Pion-,-211,2,35,25.91264090444867,23.019890334591267,2.8927505698574,11.163472609851873,3.0823707790881514,0.9986256526384881,0.000943294493364607,0.0004310528681473044,0.9995689471318527,99.95689471318528,-1.1145498457499072,1.742522143341212,-0.0541028698720771,0.04506175182345344,165.48274090444866,0.0,0,No decay recorded,
65,12,pion_minus,Pion-,-211,2,5,2.4105122621149366,1.4930489385911343,0.9174633235238023,38.06092746107161,0.1764187448110065,0.9999400415171275,5.3990868158113076e-05,5.967614714437959e-06,0.9999940323852856,99.99940323852856,-0.06978632804766839,0.06996013884358648,-0.0005469546262910906,0.00043991990713970796,147.04913816689643,5.068525904781493,1,Decay in flight,
67,4,pion_minus,Pion-,-211,2,22,11.576224980221866,10.790076700175856,0.7861482800460105,6.791059100779012,0.7241577417273218,0.9976878536835186,0.002279763603900404,3.238271258084125e-05,0.999967617287419,99.9967617287419,-0.260929116851749,0.4038638055037885,-0.014666982872020042,0.018577320388191508,151.14632498022186,0.0,0,No decay recorded,
99,518,pion_minus,Pion-,-211,501,64,107.94701023905438,97.26807652167054,10.678933717383837,9.892755430404947,32.87297689052735,0.9968459131054311,0.0027503599164760964,0.0004037269780927764,0.9995962730219072,99.95962730219073,-12.487171150155882,18.190053294185958,-1.0125061161001576,0.6751983566063227,255.0850068685296,0.0,0,No decay recorded,
107,6,pion_minus,Pion-,-211,2,37,26.081526439619065,25.527447002712982,0.5540794369060815,2.124413378138822,3.006397863142791,0.9967800528890101,0.003107909979595059,0.00011203713139491415,0.9998879628686052,99.98879628686052,-1.6903422717839163,1.120201258971558,-0.07108563694179526,0.08567516349350095,165.94909221753494,0.0,0,No decay recorded,
109,4,pion_minus,Pion-,-211,2,41,38.64534328519559,34.72550988361081,3.9198334015847736,10.143093755584257,5.858806157815589,0.9966176450074749,0.0033292698985118462,5.3085094013239445e-05,0.9999469149059868,99.99469149059867,-2.164515002291253,3.2422103757416054,-0.1301889597084272,0.18644575686629086,178.2154432851956,0.0,0,No decay recorded,
141,8,pion_minus,Pion-,-211,2,44,43.86421040798524,41.523426212789445,2.3407841951957913,5.336432990412759,7.744599414708485,0.9989893639475342,0.0009252128664588132,8.542318600694734e-05,0.9999145768139931,99.99145768139931,-2.7587846909614657,4.537322058792811,-0.1622088002176684,0.08496620128484658,184.21823379693825,0.0,0,No decay recorded,
167,168,pion_minus,Pion-,-211,4,62,116.1695075941679,114.81850477015848,1.3510028240094183,1.1629582082150818,35.36984598045149,0.9964546470060093,0.00333042674840189,0.00021492624558887323,0.9997850737544112,99.97850737544111,-20.50797600387035,13.559936666460443,-1.0772791805233721,0.9421597679114615,260.3872047380918,0.0,0,No decay recorded,
176,9,pion_minus,Pion-,-211,2,53,68.62681402349544,63.187736667092,5.439077356403444,7.9255862796447065,15.657789442095186,0.9986039277187322,0.0013389063144297467,5.716596683811988e-05,0.999942834033162,99.9942834033162,-5.8098541113969935,8.72886274925641,-0.22228942507544572,0.3354843618032335,209.25063329650544,0.0,0,No decay recorded,
204,4,pion_minus,Pion-,-211,2,31,18.1882963569685,17.189989187365004,0.9983071696034976,5.488733798979557,1.667365515134584,0.998060278293354,0.0019068801517542744,3.2841554891714276e-05,0.9999671584451082,99.99671584451082,-0.5948601401619191,0.9436015652054689,-0.030451687105534312,0.033506017805232276,157.7583963569685,0.0,0,No decay recorded,
212,257,pion_minus,Pion-,-211,2,34,22.02742120707072,20.686839626136862,1.3405815809338586,6.085966978756174,2.321501612316066,0.9923561201003249,0.007429308851343306,0.00021457104833169112,0.9997854289516682,99.97854289516683,-1.3416582344078185,0.814528354351058,-0.09492521955111978,0.08593905727175459,161.5975212070707,0.0,0,No decay recorded,
213,5,pion_minus,Pion-,-211,2,44,44.185001553892455,42.70335386637835,1.4816476875141085,3.353281963127109,7.894397244319103,0.9959034120533845,0.003955532800482053,0.00014105514613341687,0.9998589448538666,99.98589448538667,-2.801820929268768,4.60959736904462,-0.22550213139141534,0.23975335841654571,184.82146603907395,0.0,0,No decay recorded,
216,4,pion_minus,Pion-,-211,2,52,64.53134025494336,61.51737625693829,3.0139639980050648,4.670543004527452,14.608367745980406,0.9945029020743175,0.0053615550923649296,0.00013554283331758112,0.9998644571666824,99.98644571666824,-8.248796642417723,5.400286933444861,-0.5058270016122487,0.6260830602195416,205.59877369895744,0.0,0,No decay recorded,
222,11,pion_minus,Pion-,-211,2,31,19.67671246900164,18.153990186157195,1.522722282844445,7.738702718979687,1.8026402824250758,0.9963892120683039,0.003415729463731472,0.0001950584679646672,0.9998049415320354,99.98049415320354,-1.0165879852714497,0.6649365181044042,-0.07264734632191946,0.041551646067392194,159.24681246900164,0.0,0,No decay recorded,
224,690,pion_minus,Pion-,-211,157,11,44.14884564453469,42.18336682820461,1.965478816330077,4.451937049849885,22.368317367635722,0.9996625954065592,0.0003355808241255242,1.8237693152659724e-06,0.9999981762306848,99.99981762306848,-10.71462024968091,10.179463559855488,-0.16183323474342315,0.22213533631489663,330.24174625347905,0.0,0,No decay recorded,
227,4,pion_minus,Pion-,-211,2,41,33.52848547629455,30.304408024875748,3.2240774514188,9.615935243177926,5.058148228587293,0.9991492043818545,0.0007811444434871788,6.965117465826765e-05,0.9999303488253417,99.99303488253418,-1.8150168830213311,2.898733835503488,-0.07232603852174262,0.05264492074229898,173.09858547629457,0.0,0,No decay recorded,
300,5,pion_minus,Pion-,-211,2,40,30.302060173691096,27.556750299412442,2.7453098742786537,9.05981262839083,4.192786377607869,0.9995457334908604,0.0004205288187165309,3.3737690423003775e-05,0.999966262309577,99.9966262309577,-1.492427087537609,2.4263614121767394,-0.06778625577996059,0.031073686696813835,170.76031361438342,0.0,0,No decay recorded,
305,30,pion_minus,Pion-,-211,3,75,156.6403108129167,151.23669580513635,5.403615007780369,3.449696300867389,55.85244920494023,0.9989913675928032,0.0009592464574546764,4.938594974209208e-05,0.9999506140502579,99.99506140502578,-32.86635994191317,22.18088801048613,-1.1567836254668065,0.6709876736810256,309.41689903813756,0.0,0,No decay recorded,
320,4,pion_minus,Pion-,-211,2,26,13.230465096371603,12.405380684687207,0.825084411684396,6.236246463555326,0.9877275586729561,0.9998232454258744,0.00015794879455819735,1.8805779567404554e-05,0.9999811942204326,99.99811942204326,-0.5873059763168063,0.3442032332986264,-0.006875635065471778,0.005574862891043576,152.8005650963716,0.0,0,No decay recorded,
349,11,pion_minus,Pion-,-211,2,7,4.64012199877725,4.488187471624478,0.1519345271527721,3.2743649238707384,0.45444964725337844,0.9995643548607915,0.00043116101996748654,4.484119240980893e-06,0.9999955158807591,99.9995515880759,-0.19494369788008456,0.19342982869344774,-0.003223623043821433,0.005652995873832863,152.03985739761396,0.0,0,No decay recorded,
358,266,pion_minus,Pion-,-211,2,43,40.52297195280213,37.947454836720915,2.5755171160812123,6.355696514759495,6.884178392074226,0.9974478939632329,0.0024874362568988563,6.46697798681865e-05,0.9999353302201317,99.99353302201317,-2.459200132652127,3.9366352195133056,-0.1462296803309541,0.16373404543474498,180.40333001171268,0.0,0,No decay recorded,
364,4,pion_minus,Pion-,-211,2,22,11.496127091182387,10.335194890015202,1.1609322011671854,10.098463525665341,0.7432860944501161,0.9986838422528513,0.0012428298660504527,7.332788109830427e-05,0.9999266721189017,99.99266721189018,-0.26086379301256524,0.4189549672743553,-0.015898269575563274,0.008971365163204962,151.06622709118238,0.0,0,No decay recorded,
367,4,pion_minus,Pion-,-211,2,28,15.507285752354958,14.630059028148562,0.8772267242063958,5.656868250287959,1.294992002110361,0.9990965338929414,0.0008267501653177836,7.671594174074822e-05,0.9999232840582591,99.99232840582592,-0.768034204445234,0.4481787620078718,-0.026123231452472927,0.01188856078604872,155.07738575235496,0.0,0,No decay recorded,
410,5,pion_minus,Pion-,-211,2,6,2.6442542164404865,1.9599745934295485,0.6842796230109381,25.877981729459748,0.05560792946749886,0.9989506417650162,0.0010422902468267237,7.067988157027518e-06,0.9999929320118429,99.99929320118429,-0.028088496331324313,0.01932034226488557,-0.0007307313129227675,0.0007611061455836556,142.21435421644048,0.0,0,No decay recorded,
435,5,pion_minus,Pion-,-211,2,46,41.25649552252211,36.58752953084974,4.668965991672368,11.316923389975182,7.04500257940875,0.9947995499038705,0.0034863337276362307,0.0017141163684930936,0.9982858836315067,99.82858836315067,-2.498826982496079,3.960398201627192,-0.23792375485607717,0.22047130805433232,182.50998641067685,0.0,0,No decay recorded,
471,163,pion_minus,Pion-,-211,8,38,31.003323220161803,28.288856267056055,2.714466953105748,8.75540642475546,4.181573701281454,0.9990216817744009,0.0008182808432308513,0.00016003738236823966,0.9998399626176318,99.98399626176318,-1.4689297447492495,2.3792045690858603,-0.09716318159534008,0.04456463648624823,171.14334705599674,0.0,0,No decay recorded,
472,511,pion_minus,Pion-,-211,344,54,76.45096408106832,68.87596314756242,7.575000933505903,9.908313158056973,18.959762552205742,0.9972294719623324,0.0026402966813980073,0.0001302313562698017,0.9998697686437303,99.98697686437303,-6.790566540568566,10.4606634789348,-0.47422491149621776,0.5318365320090721,218.6198681414709,0.0,0,No decay recorded,
500,6,pion_minus,Pion-,-211,2,37,29.484136227375302,27.97975986159797,1.5043763657773312,5.102324701581573,3.810514828313982,0.9973611553216251,0.0024789374848314047,0.00015990719354353942,0.9998400928064565,99.98400928064565,-2.221390270053292,1.348875290210698,-0.0995084694407895,0.08172670132607748,169.64930609791548,0.0,0,No decay recorded,
507,189,pion_minus,Pion-,-211,2,26,13.735462682777381,12.534997220545183,1.2004654622321995,8.739898247020385,0.9882059066938695,0.9949080929828388,0.004828156610327255,0.00026375040683394255,0.999736249593166,99.9736249593166,-0.5647865388512524,0.3545512135197784,-0.030624114004638603,0.030211598125839737,153.30556268277738,0.0,0,No decay recorded,
508,4,pion_minus,Pion-,-211,2,27,15.750527777004834,14.008952994209713,1.7415747827951216,11.057247144046524,1.2619485029342203,0.9976001671251539,0.0021804202676371904,0.00021941260720895612,0.9997805873927911,99.9780587392791,-0.46313766308991433,0.7028227723250889,-0.02684658575521745,0.02685320566956942,155.32062777700483,0.0,0,No decay recorded,
514,984,pion_minus,Pion-,-211,2,15,6.214829292185102,5.735310620543417,0.47951867164168527,7.715717505622572,0.25245667607678857,0.9980372703901628,0.0016711289014704198,0.00029160070836680726,0.9997083992916331,99.97083992916332,-0.14229181047799758,0.08942863679318905,-0.0049280685686540595,0.004329503567362213,145.7849292921851,0.0,0,No decay recorded,
517,5,pion_minus,Pion-,-211,2,39,27.39337130569949,24.22501204115025,3.1683592645492364,11.566153100294102,3.5018420611110606,0.9997213679199081,0.0001957633708751613,8.286870921684093e-05,0.9999171312907832,99.99171312907832,-1.2725440477270302,1.9901950562116797,-0.03878323580330627,0.025160274206719912,167.2369093646629,0.0,0,No decay recorded,
568,4,pion_minus,Pion-,-211,2,17,7.752387056163712,6.656069851493,1.0963172046707115,14.141672709685716,0.3786818195654083,0.9939002403708681,0.005893158260652305,0.00020660136847956787,0.9997933986315204,99.97933986315203,-0.13217486220932545,0.21080010296522617,-0.014846356500278041,0.01142181341235781,147.3224870561637,0.0,0,No decay recorded,
616,15,pion_minus,Pion-,-211,2,29,16.961042822227792,16.005660284820042,0.9553825374077506,5.63280540837797,1.4331279902877407,0.9990261158188041,0.0008895223541413216,8.43618270547035e-05,0.9999156381729454,99.99156381729453,-0.8312054158674058,0.5160984999733111,-0.014676983999555308,0.02154096527540333,156.5311428222278,0.0,0,No decay recorded,
618,724,pion_minus,Pion-,-211,2,27,14.90028580606517,13.63711850616457,1.263167299900599,8.477470273667006,1.2058301225129215,0.9978103522316476,0.00167589017096317,0.000513757597389185,0.9994862424026107,99.94862424026107,-0.7141749861723277,0.41600722153294145,-0.025274994590447308,0.027053858287228623,154.47038580606517,0.0,0,No decay recorded,
620,5,pion_minus,Pion-,-211,2,43,38.2855298463611,36.77187705126853,1.51365279509257,3.95358977965519,5.952962439523834,0.9905113792071316,0.008588075527044273,0.0009005452658241292,0.9990994547341759,99.9099454734176,-3.4622630259775677,2.097399864434261,-0.2896139704242231,0.24968868610865513,178.54851049454172,0.0,0,No decay recorded,
628,16,pion_minus,Pion-,-211,2,30,17.58491607795619,16.348727208794738,1.2361888691614529,7.029825241594949,1.5588560326116028,0.9986770876528503,0.0012082300145841588,0.00011468233256555236,0.9998853176674345,99.98853176674345,-0.9028344537851999,0.5614462322195346,-0.03271916488484688,0.02032560967854855,157.1550160779562,0.0,0,No decay recorded,
646,591,pion_minus,Pion-,-211,2,36,28.50742224297133,26.20222199166284,2.3052002513084915,8.086316018547949,3.6318360038741027,0.9995174780910759,0.00043849389761372275,4.4028011310318634e-05,0.9999559719886897,99.99559719886896,-1.2915653041156403,2.0754870564724617,-0.05729778649402935,0.02840687241583757,168.07752224297133,0.0,0,No decay recorded,
664,5,pion_minus,Pion-,-211,2,26,14.658518256603513,13.411634820764958,1.246883435838555,8.50620379230245,1.108513867799458,0.9972574813098892,0.002708787700505392,3.373098960540844e-05,0.9999662690103946,99.99662690103946,-0.6424642683716925,0.392336282380626,-0.027910484067401462,0.03127710351272282,154.2286182566035,0.0,0,No decay recorded,
675,298,pion_minus,Pion-,-211,2,37,25.595578457012955,24.016763814242143,1.578814642770811,6.168310067390683,3.013425139204594,0.9983853488755855,0.0015936113004393637,2.103982397523863e-05,0.9999789601760248,99.99789601760249,-1.8225860993365712,1.0919107342739536,-0.053363533620562946,0.0648217839105794,165.45907791592862,0.0,0,No decay recorded,
685,4,pion_minus,Pion-,-211,2,24,12.028911983948518,10.46450132871195,1.5644106552365686,13.005421083171376,0.8153930209375067,0.9946062353638566,0.004286049649598462,0.0011077149865448854,0.9988922850134551,99.8892285013455,-0.30111365392416434,0.4457411259870825,-0.020615284256165614,0.026074783646654866,151.59901198394851,0.0,0,No decay recorded,
702,5,pion_minus,Pion-,-211,2,27,14.294674790921704,12.630592905548692,1.6640818853730108,11.64127138051325,1.0786187854221398,0.9973469540205074,0.002636547784082782,1.6498195409730555e-05,0.9999835018045902,99.99835018045901,-0.38798687867699894,0.6049157402751529,-0.0285641923894396,0.02414329113122151,153.8647747909217,0.0,0,No decay recorded,
727,4,pion_minus,Pion-,-211,2,4,4.980919331648058,3.310530462846353,1.6703888688017046,33.5357542971694,1.0621468783424226,0.9999678484947242,3.179409073662572e-05,3.574145391441813e-07,0.9999996425854608,99.99996425854609,-0.33664332765918725,0.39972908935354984,-0.0065186940535535195,0.0020885029620822037,168.7251520869787,0.0,0,No decay recorded,
748,571,pion_minus,Pion-,-211,2,32,38.72053646515766,35.692231499541414,3.028304965616245,7.820927192837938,7.665966434929265,0.9982637481181892,0.001716813794766502,1.943808704429715e-05,0.9999805619129557,99.99805619129557,-2.996395139970843,4.094109093737633,-0.13395154430823264,0.1811172450998203,184.60127808141291,0.0,0,No decay recorded,
757,216,pion_minus,Pion-,-211,2,43,39.8494764303148,36.853995028223906,2.9954814020908955,7.516990611731437,6.377517340371147,0.9995410852028738,0.00044226987820120855,1.6644918924889227e-05,0.9999833550810749,99.99833550810749,-2.315851267432315,3.5919679986204534,-0.059375818085975876,0.05832605430892368,180.4727560984376,0.0,0,No decay recorded,
764,6,pion_minus,Pion-,-211,2,44,41.47756235922938,38.296207613378165,3.181354745851217,7.670061992308277,7.101552372894643,0.9992745494903764,0.00045063865582984524,0.0002748118537939114,0.9997251881462063,99.97251881462063,-2.53911726721536,4.053183497000427,-0.07217327269784635,0.07921156563349695,182.11448174548465,0.0,0,No decay recorded,
765,4,pion_minus,Pion-,-211,2,43,36.70395152368158,33.73071040274745,2.973241120934131,8.100602244463461,5.715990000866086,0.991839612464316,0.007833439953506742,0.00032694758217734085,0.9996730524178227,99.96730524178227,-2.0348737684073583,3.1722782915331504,-0.1965850454352573,0.2543174913494773,176.27405152368158,0.0,0,No decay recorded,
781,305,pion_minus,Pion-,-211,2,41,33.15848834956503,30.303206540006887,2.8552818095581465,8.61101320258347,4.831134541324823,0.9992422241706498,0.0006845256928966228,7.32501364536484e-05,0.9999267498635465,99.99267498635464,-2.82441483415364,1.7448094793293876,-0.07481212223681931,0.0759247851426912,172.72858834956503,0.0,0,No decay recorded,
797,575,pion_minus,Pion-,-211,2,39,31.774250737278695,29.8207450499857,1.9535056872929966,6.1480778994453935,4.4058915699873165,0.9990224567135221,0.0007760573085113377,0.0002014859779665391,0.9997985140220335,99.97985140220335,-2.653413275081453,1.5850111254200332,-0.054275982096299184,0.08152693786166824,171.71578853181768,0.0,0,No decay recorded,
803,10,pion_minus,Pion-,-211,2,35,24.47796427096654,22.907565658197576,1.5703986127689666,6.415560523681398,2.9032380376078684,0.9961913838703402,0.0035713237442036817,0.00023729238545607188,0.9997627076145439,99.97627076145439,-1.7028894626828468,1.0053630248151235,-0.09541001669482871,0.0725894858063721,164.0480642709665,0.0,0,No decay recorded,
806,4,pion_minus,Pion-,-211,2,34,24.12782647429941,21.706194062579417,2.4216324117199948,10.036678663531838,2.7638660961767774,0.9987761827566224,0.0011087774139037884,0.00011503982947387005,0.9998849601705262,99.98849601705263,-0.9600876051387763,1.6017259675890634,-0.04711580760478263,0.03694058888572953,163.6979264742994,0.0,0,No decay recorded,
818,7,pion_minus,Pion-,-211,2,27,15.72556889912562,14.151436590435551,1.5741323086900672,10.010018198944731,1.2941122177013786,0.9958725045179019,0.004026081046421856,0.00010141443567623705,0.9998985855643238,99.98985855643238,-0.46110594821195106,0.7285224495097288,-0.05148661130798966,0.033562911708527016,155.29566889912562,0.0,0,No decay recorded,
825,642,pion_minus,Pion-,-211,2,38,27.60480405792703,24.954491621764035,2.650312436162994,9.600910155353656,3.5317730345980265,0.9928606115042954,0.007072212635048778,6.717586065568242e-05,0.9999328241393441,99.99328241393441,-1.2470107217376716,1.9858239250844332,-0.14024912550484459,0.14059053544712455,167.17490405792702,0.0,0,No decay recorded,
833,8,pion_minus,Pion-,-211,2,18,8.21756157198345,7.680892858534845,0.5366687134486056,6.5307537856278115,0.417032893185607,0.9984892443230567,0.0009407675856069511,0.0005699880913362983,0.9994300119086637,99.94300119086637,-0.24339643825900908,0.14318496129871677,-0.006229467422586572,0.005176317672162033,147.78766157198345,0.0,0,No decay recorded,
855,10,pion_minus,Pion-,-211,2,36,27.25405372287565,24.325932595032256,2.9281211278433945,10.743800381466484,3.2960041149570487,0.9877051369088932,0.012138042378948041,0.00015682071215877876,0.9998431792878412,99.98431792878412,-1.1745719054407655,1.8103657611124306,-0.2231830340867343,0.17266599405767633,166.82939446245192,0.0,0,No decay recorded,
863,352,pion_minus,Pion-,-211,2,43,39.939772922510535,37.023495461649496,2.916277460861041,7.3016876348272675,6.674050058513793,0.9970677087682557,0.002627670348184555,0.0003046208835598042,0.9996953791164402,99.96953791164403,-2.386615479335529,3.776476312679955,-0.11673039211154752,0.17751115510682047,179.887789723703,0.0,0,No decay recorded,
871,105,pion_minus,Pion-,-211,8,21,10.324308545891316,8.950533669888694,1.373774876002623,13.306216778549624,0.6062104054016896,0.9987332661482592,0.0011906346247666816,7.60992269739633e-05,0.9999239007730258,99.99239007730259,-0.22118091679398863,0.33796886296056017,-0.014871717007066887,0.008004443401844728,149.8944085458913,0.0,0,No decay recorded,
882,10,pion_minus,Pion-,-211,2,40,37.500063296361276,34.760427456056725,2.73963584030455,7.305683242861043,5.762092833479095,0.9949827743034234,0.004601841484281844,0.0004153842122947347,0.9995846157877053,99.95846157877052,-2.061288634807651,3.223435358995927,-0.16983246822769846,0.2035099948688771,177.07016329636127,0.0,0,No decay recorded,
884,4,pion_minus,Pion-,-211,2,38,27.688224215308196,24.930529632405094,2.757694582903104,9.959810211947204,3.509126136105817,0.9986360469813752,0.001311750391588632,5.220262703619424e-05,0.9999477973729638,99.99477973729638,-1.2505600414169147,1.9881495778205933,-0.09561838430731573,0.05553349128313648,167.2583242153082,0.0,0,No decay recorded,
885,306,pion_minus,Pion-,-211,2,26,13.947489048348727,13.393047923978871,0.5544411243698563,3.9752038696563647,1.0355345083618321,0.998409023526815,0.0013517077771297281,0.00023926869605530934,0.9997607313039447,99.97607313039447,-0.5988971133449074,0.3690921076170841,-0.016232721808719364,0.02111924628242394,153.51758904834873,0.0,0,No decay recorded,
963,6,pion_minus,Pion-,-211,2,27,13.974155249996585,13.25786976140183,0.716285488594755,5.125787396665212,1.0599432766751158,0.998340674202118,0.0013761717290297272,0.0002831540688522577,0.9997168459311477,99.97168459311477,-0.6180952916522108,0.3705236803597067,-0.016912398253363922,0.025124676035082966,153.54425524999658,0.0,0,No decay recorded,
967,4,pion_minus,Pion-,-211,2,17,7.269847797297897,6.200189427833242,1.0696583694646555,14.713628115601443,0.3354681234571937,0.9996347598310582,0.0003250751057981783,4.0165063143567055e-05,0.9999598349368564,99.99598349368564,-0.12097407012008018,0.186654346430852,-0.0016596466763566565,0.004017393849380068,146.8399477972979,0.0,0,No decay recorded,
983,13,pion_minus,Pion-,-211,2,28,15.802280701806069,14.983716887127319,0.8185638146787508,5.180035908267316,1.2635309522442841,0.997375090209542,0.0024463448298489596,0.00017856496060903384,0.9998214350393909,99.98214350393908,-0.7306010658776604,0.4472030523617487,-0.03149335843649873,0.030462753950981834,155.3723807018061,0.0,0,No decay recorded,
986,74,pion_minus,Pion-,-211,8,36,25.89629332509788,23.944764598180004,1.9515287269178734,7.535938454274893,3.0756896588594542,0.9994863564032984,0.00027264774330152964,0.00024099585340012163,0.9997590041465999,99.97590041465999,-1.7879671093296823,1.1167495027614662,-0.022102686344402624,0.02237939736804126,165.46639332509787,0.0,0,No decay recorded,
991,5,pion_minus,Pion-,-211,2,39,28.463405874163676,25.732366201317056,2.7310396728466215,9.594915256875828,3.784057486113626,0.9985133174277433,0.0014243055441403793,6.237702811625633e-05,0.9999376229718837,99.99376229718837,-1.3371791047559554,2.1719855184672237,-0.07825122286075102,0.05453563876052663,168.3157100898812,0.0,0,No decay recorded,
